provider_id,provider_state,drg_definition,drg_category,total_discharges,average_covered_charges,average_total_payments,average_medicare_payments,cost_to_charge_ratio
Provider_0088,OH,PANCREATIC DISORDERS,Digestive,168,12714.37,3837.74,3159.99,0.3018
Provider_0192,CO,TRANSIENT ISCHEMIA,Neurological,136,15003.08,5717.37,5378.81,0.3811
Provider_0170,OK,PERCUTANEOUS CARDIOVASCULAR PROC,Cardiovascular,123,13196.29,3737.57,3284.26,0.2832
Provider_0131,OK,RADIATION THERAPY,Oncology,83,21281.44,6553.71,5748.49,0.308
Provider_0265,PA,STROKE,Neurological,81,13460.62,5544.54,4904.11,0.4119
Provider_0035,KY,PERCUTANEOUS CARDIOVASCULAR PROC,Cardiovascular,43,17448.06,6375.51,5897.22,0.3654
Provider_0191,AZ,CHRONIC OBSTRUCTIVE PULMONARY,Respiratory,140,8890.85,3136.78,2766.66,0.3528
Provider_0215,MO,GI HEMORRHAGE,Digestive,70,12823.69,4896.32,4156.88,0.3818
Provider_0252,OK,CARDIAC CATHETERIZATION,Cardiovascular,69,14628.17,5793.1,4944.48,0.396
Provider_0129,OK,MAJOR JOINT REPLACEMENT - LOWER EXTREMITY,Orthopedic,52,21860.87,6168.9,5326.91,0.2822
Provider_0261,VA,RESPIRATORY INFECTIONS,Respiratory,212,10370.43,3962.14,3628.09,0.3821
Provider_0062,MI,SIMPLE PNEUMONIA & PLEURISY,Respiratory,305,10534.17,3612.41,2941.63,0.3429
Provider_0131,AL,TRANSIENT ISCHEMIA,Neurological,131,14796.69,5121.28,4188.9,0.3461
Provider_0042,CA,PANCREATIC DISORDERS,Digestive,186,16569.82,5852.17,5057.04,0.3532
Provider_0237,OK,HEART FAILURE & SHOCK,Cardiovascular,55,15913.44,6477.71,5424.4,0.4071
Provider_0170,MA,INFLAMMATORY BOWEL DISEASE,Digestive,353,16529.81,6236.2,5812.57,0.3773
Provider_0128,WA,SIMPLE PNEUMONIA & PLEURISY,Respiratory,256,12217.88,3740.14,3492.85,0.3061
Provider_0116,KY,HEART FAILURE & SHOCK,Cardiovascular,55,14234.06,4439.76,3836.25,0.3119
Provider_0234,WA,KIDNEY TRANSPLANT,Renal,31,13687.49,4761.55,4303.8,0.3479
Provider_0052,VA,CORONARY BYPASS,Cardiovascular,56,19496.8,7378.03,6304.86,0.3784
Provider_0002,VA,CHRONIC OBSTRUCTIVE PULMONARY,Respiratory,159,8522.3,3576.67,3004.46,0.4197
Provider_0172,TX,HIP & FEMUR PROCEDURES,Orthopedic,49,35971.11,11278.33,9267.79,0.3135
Provider_0294,KY,BREAST PROCEDURES,Oncology,117,17197.09,5705.16,4771.36,0.3318
Provider_0124,AL,SPINAL FUSION,Orthopedic,130,24693.0,7226.17,6686.35,0.2926
Provider_0147,OR,CARDIAC CATHETERIZATION,Cardiovascular,244,19088.9,5933.47,5379.72,0.3108
Provider_0267,WI,TRANSIENT ISCHEMIA,Neurological,348,14540.51,5125.31,4744.28,0.3525
Provider_0112,OK,GI HEMORRHAGE,Digestive,320,11940.95,3774.68,3393.42,0.3161
Provider_0009,LA,MAJOR JOINT REPLACEMENT - LOWER EXTREMITY,Orthopedic,43,21499.79,8720.54,8154.25,0.4056
Provider_0116,NC,PULMONARY EDEMA,Respiratory,235,9623.1,3239.44,3022.93,0.3366
Provider_0099,NJ,BREAST PROCEDURES,Oncology,284,29912.96,8414.15,6859.39,0.2813
Provider_0068,LA,CARDIAC ARRHYTHMIA,Cardiovascular,89,15768.81,6610.67,5462.98,0.4192
Provider_0033,CA,KNEE PROCEDURES,Orthopedic,174,40724.64,16244.7,14598.17,0.3989
Provider_0051,TN,CORONARY BYPASS,Cardiovascular,131,15190.12,5507.66,5214.84,0.3626
Provider_0147,MN,KIDNEY TRANSPLANT,Renal,200,12187.97,4397.01,3842.45,0.3608
Provider_0006,NY,HEART FAILURE & SHOCK,Cardiovascular,15,30191.94,10440.14,8789.91,0.3458
Provider_0116,FL,DIGESTIVE MALIGNANCY,Digestive,326,12958.24,5381.97,5083.5,0.4153
Provider_0054,CT,RESPIRATORY INFECTIONS,Respiratory,47,11473.29,3811.15,3274.56,0.3322
Provider_0155,KY,CHEMOTHERAPY,Oncology,22,20857.64,8731.17,7168.4,0.4186
Provider_0170,MI,KIDNEY & URINARY TRACT INFECTIONS,Renal,236,10073.51,3820.35,3373.08,0.3792
Provider_0173,SC,SPINAL FUSION,Orthopedic,252,28819.79,10132.69,8868.41,0.3516
Provider_0288,WI,TRANSIENT ISCHEMIA,Neurological,70,12756.2,5155.12,4145.45,0.4041
Provider_0180,SC,INTRACRANIAL HEMORRHAGE,Neurological,85,13727.02,4394.24,3904.83,0.3201
Provider_0108,MI,RENAL FAILURE,Renal,102,10819.76,4283.56,3601.32,0.3959
Provider_0144,PA,SPINAL FUSION,Orthopedic,16,30457.64,10833.44,9702.59,0.3557
Provider_0229,WA,CHEMOTHERAPY,Oncology,56,29787.52,9469.94,8199.51,0.3179
Provider_0239,KY,RADIATION THERAPY,Oncology,77,21361.29,6155.19,5769.15,0.2881
Provider_0069,TX,HEART FAILURE & SHOCK,Cardiovascular,139,18769.94,7764.77,7071.26,0.4137
Provider_0220,MN,PANCREATIC DISORDERS,Digestive,44,12630.69,4876.69,3911.88,0.3861
Provider_0100,PA,PERCUTANEOUS CARDIOVASCULAR PROC,Cardiovascular,33,16178.52,6259.0,5764.77,0.3869
Provider_0223,CA,MAJOR JOINT REPLACEMENT - LOWER EXTREMITY,Orthopedic,71,40277.7,14858.97,11988.15,0.3689
Provider_0247,MI,SEIZURES,Neurological,93,15893.37,5972.01,5329.29,0.3758
Provider_0179,TX,CORONARY BYPASS,Cardiovascular,203,21522.78,7754.04,6352.69,0.3603
Provider_0012,NJ,RADIATION THERAPY,Oncology,216,30357.03,9378.37,7888.1,0.3089
Provider_0090,AZ,CORONARY BYPASS,Cardiovascular,125,17942.9,6671.19,5722.61,0.3718
Provider_0217,UT,DIGESTIVE MALIGNANCY,Digestive,92,13110.14,4310.18,4053.72,0.3288
Provider_0036,CO,BREAST PROCEDURES,Oncology,33,28151.69,11062.4,10493.53,0.393
Provider_0013,MO,PULMONARY EDEMA,Respiratory,60,9629.52,3853.52,3330.79,0.4002
Provider_0187,SC,DIGESTIVE MALIGNANCY,Digestive,66,10950.87,3827.53,3285.72,0.3495
Provider_0223,MD,PULMONARY EDEMA,Respiratory,391,12175.83,4014.21,3787.49,0.3297
Provider_0053,WI,HIP & FEMUR PROCEDURES,Orthopedic,20,24204.73,8818.79,7787.48,0.3643
Provider_0133,SC,PANCREATIC DISORDERS,Digestive,21,10803.38,3112.0,2746.12,0.2881
Provider_0253,FL,KIDNEY TRANSPLANT,Renal,156,14125.65,5315.83,4920.03,0.3763
Provider_0029,IL,CARDIAC CATHETERIZATION,Cardiovascular,40,19934.77,8070.9,6634.21,0.4049
Provider_0132,PA,CARDIAC CATHETERIZATION,Cardiovascular,65,21441.67,8847.15,8386.21,0.4126
Provider_0019,NY,RESPIRATORY INFECTIONS,Respiratory,88,12376.93,4687.29,3924.71,0.3787
Provider_0001,OH,MAJOR JOINT REPLACEMENT - LOWER EXTREMITY,Orthopedic,11,28392.87,8173.81,6684.73,0.2879
Provider_0117,FL,SEIZURES,Neurological,71,16478.64,4805.25,4225.04,0.2916
Provider_0203,IL,DIGESTIVE MALIGNANCY,Digestive,430,11627.02,4706.15,4137.44,0.4048
Provider_0143,OK,CORONARY BYPASS,Cardiovascular,152,13566.7,4114.38,3425.31,0.3033
Provider_0272,CA,SEIZURES,Neurological,68,22436.7,9157.22,8642.63,0.4081
Provider_0186,GA,PULMONARY EDEMA,Respiratory,126,8097.56,2480.58,2157.0,0.3063
Provider_0201,OK,TRANSIENT ISCHEMIA,Neurological,63,12138.67,4169.07,3355.47,0.3435
Provider_0082,CA,MAJOR JOINT REPLACEMENT - LOWER EXTREMITY,Orthopedic,148,34281.42,13970.7,12900.27,0.4075
Provider_0005,MD,PANCREATIC DISORDERS,Digestive,311,12446.1,5012.45,4424.68,0.4027
Provider_0063,SC,SPINAL FUSION,Orthopedic,209,29458.27,8868.66,7885.3,0.3011
Provider_0006,LA,RADIATION THERAPY,Oncology,111,16694.47,4760.51,3903.99,0.2852
Provider_0202,OK,PANCREATIC DISORDERS,Digestive,176,12070.35,4368.51,3970.62,0.3619
Provider_0288,MI,SIMPLE PNEUMONIA & PLEURISY,Respiratory,81,8217.99,3398.69,3027.98,0.4136
Provider_0268,TX,PULMONARY EDEMA,Respiratory,12,10141.14,3515.62,3250.92,0.3467
Provider_0207,CA,MAJOR JOINT REPLACEMENT - LOWER EXTREMITY,Orthopedic,21,42605.75,15448.58,13471.27,0.3626
Provider_0098,PA,SEIZURES,Neurological,206,18366.12,6729.66,6373.45,0.3664
Provider_0030,MO,RESPIRATORY INFECTIONS,Respiratory,21,9043.72,3225.37,2798.45,0.3566
Provider_0069,SC,MAJOR JOINT REPLACEMENT - LOWER EXTREMITY,Orthopedic,368,22212.36,9100.9,7952.52,0.4097
Provider_0249,TX,SEIZURES,Neurological,57,17682.89,5545.71,4499.68,0.3136
Provider_0195,SC,CORONARY BYPASS,Cardiovascular,27,17017.01,5198.07,4427.98,0.3055
Provider_0092,FL,KNEE PROCEDURES,Orthopedic,32,27739.19,7925.69,6541.39,0.2857
Provider_0078,MI,CARDIAC CATHETERIZATION,Cardiovascular,105,19040.21,6280.2,5866.54,0.3298
Provider_0107,KY,STROKE,Neurological,21,13595.65,5115.91,4485.36,0.3763
Provider_0127,TN,CARDIAC ARRHYTHMIA,Cardiovascular,253,14249.21,5181.28,4911.54,0.3636
Provider_0187,AL,SPINAL FUSION,Orthopedic,181,24655.44,9390.57,7600.27,0.3809
Provider_0294,AL,CORONARY BYPASS,Cardiovascular,280,15745.03,5581.55,4554.97,0.3545
Provider_0231,FL,PULMONARY EDEMA,Respiratory,47,9545.52,2699.57,2290.08,0.2828
Provider_0233,MN,PULMONARY EDEMA,Respiratory,41,9428.64,3265.66,2786.48,0.3464
Provider_0083,WA,KNEE PROCEDURES,Orthopedic,102,35461.25,13629.94,11786.48,0.3844
Provider_0229,MI,CHRONIC OBSTRUCTIVE PULMONARY,Respiratory,285,9755.07,3065.14,2681.19,0.3142
Provider_0095,LA,CARDIAC CATHETERIZATION,Cardiovascular,29,14659.09,4434.31,3671.54,0.3025
Provider_0006,AL,KIDNEY TRANSPLANT,Renal,16,8007.2,3023.31,2870.9,0.3776
Provider_0062,TX,HIP & FEMUR PROCEDURES,Orthopedic,250,34988.04,11059.94,9131.45,0.3161
Provider_0118,LA,PANCREATIC DISORDERS,Digestive,111,9897.04,3837.37,3177.56,0.3877
Provider_0038,NY,MAJOR JOINT REPLACEMENT - LOWER EXTREMITY,Orthopedic,169,40589.41,15383.88,14078.82,0.379
Provider_0010,PA,HIP & FEMUR PROCEDURES,Orthopedic,88,30470.35,8752.77,7444.15,0.2873
Provider_0273,PA,PERCUTANEOUS CARDIOVASCULAR PROC,Cardiovascular,37,20593.44,6019.49,4940.94,0.2923
Provider_0236,NC,TRANSIENT ISCHEMIA,Neurological,121,15735.62,4641.03,4305.06,0.2949
Provider_0060,MO,CORONARY BYPASS,Cardiovascular,344,14962.01,4328.65,3944.13,0.2893
Provider_0078,CT,HEART FAILURE & SHOCK,Cardiovascular,176,25421.35,10054.62,8324.83,0.3955
Provider_0014,KY,KIDNEY & URINARY TRACT INFECTIONS,Renal,261,9666.21,3811.62,3300.37,0.3943
Provider_0104,MD,STROKE,Neurological,175,18159.35,5674.98,5305.74,0.3125
Provider_0015,GA,INTRACRANIAL HEMORRHAGE,Neurological,77,13772.42,5264.88,4759.75,0.3823
Provider_0289,MA,TRANSIENT ISCHEMIA,Neurological,172,20486.75,8597.82,7848.61,0.4197
Provider_0159,UT,CARDIAC ARRHYTHMIA,Cardiovascular,182,20823.62,6827.89,6303.43,0.3279
Provider_0130,MA,KIDNEY TRANSPLANT,Renal,201,12905.34,4027.69,3658.51,0.3121
Provider_0254,OR,INTRACRANIAL HEMORRHAGE,Neurological,110,18160.93,6608.11,6106.03,0.3639
Provider_0141,MI,CHRONIC OBSTRUCTIVE PULMONARY,Respiratory,71,9287.42,3832.17,3153.89,0.4126
Provider_0133,GA,MAJOR JOINT REPLACEMENT - LOWER EXTREMITY,Orthopedic,45,29369.95,10661.73,8692.85,0.363
Provider_0296,AL,CARDIAC ARRHYTHMIA,Cardiovascular,187,15010.1,4347.66,3528.55,0.2896
Provider_0001,NC,RADIATION THERAPY,Oncology,25,19080.32,5784.64,4789.38,0.3032
Provider_0117,MN,KNEE PROCEDURES,Orthopedic,122,29718.57,11417.73,9486.27,0.3842
Provider_0017,KY,RESPIRATORY INFECTIONS,Respiratory,74,9229.37,3776.79,3285.26,0.4092
Provider_0161,NJ,CORONARY BYPASS,Cardiovascular,28,21006.38,7347.43,6339.65,0.3498
Provider_0084,IN,PANCREATIC DISORDERS,Digestive,130,9434.6,3518.12,2908.45,0.3729
Provider_0215,NC,PERCUTANEOUS CARDIOVASCULAR PROC,Cardiovascular,101,15309.77,4928.88,4172.25,0.3219
Provider_0144,MD,CORONARY BYPASS,Cardiovascular,61,21534.84,7913.98,6779.58,0.3675
Provider_0114,GA,STROKE,Neurological,189,14373.28,5079.73,4399.62,0.3534
Provider_0266,UT,HIP & FEMUR PROCEDURES,Orthopedic,23,27076.76,7867.71,7183.11,0.2906
Provider_0008,MI,RENAL FAILURE,Renal,73,9636.69,2908.95,2639.56,0.3019
Provider_0239,CA,HIP & FEMUR PROCEDURES,Orthopedic,41,41019.14,11598.55,9459.97,0.2828
Provider_0288,PA,HEART FAILURE & SHOCK,Cardiovascular,107,20833.18,8182.11,7759.17,0.3927
Provider_0007,AL,INFLAMMATORY BOWEL DISEASE,Digestive,70,11055.06,3412.67,2880.2,0.3087
Provider_0002,MI,CARDIAC CATHETERIZATION,Cardiovascular,13,16771.9,6065.15,5235.52,0.3616
Provider_0020,CA,INFLAMMATORY BOWEL DISEASE,Digestive,59,18448.36,6103.24,4913.93,0.3308
Provider_0280,PA,PULMONARY EDEMA,Respiratory,106,9474.99,3043.61,2867.89,0.3212
Provider_0014,IN,KIDNEY TRANSPLANT,Renal,279,11435.09,3882.55,3119.13,0.3395
Provider_0154,NC,MAJOR JOINT REPLACEMENT - LOWER EXTREMITY,Orthopedic,71,24121.06,8932.21,7710.78,0.3703
Provider_0041,KY,RENAL FAILURE,Renal,48,8384.52,3420.9,2797.14,0.408
Provider_0027,IL,CARDIAC CATHETERIZATION,Cardiovascular,136,22990.66,7101.79,5693.15,0.3089
Provider_0173,LA,RESPIRATORY INFECTIONS,Respiratory,119,8301.22,3097.23,2559.26,0.3731
Provider_0193,IN,KNEE PROCEDURES,Orthopedic,186,25701.08,8469.58,7993.54,0.3295
Provider_0113,MD,CORONARY BYPASS,Cardiovascular,43,20948.02,6712.11,5727.78,0.3204
Provider_0289,OR,RESPIRATORY INFECTIONS,Respiratory,367,9789.39,4048.62,3320.88,0.4136
Provider_0201,KY,PERCUTANEOUS CARDIOVASCULAR PROC,Cardiovascular,31,18335.46,7306.63,6892.23,0.3985
Provider_0042,KY,MAJOR JOINT REPLACEMENT - LOWER EXTREMITY,Orthopedic,19,27533.26,9619.26,8688.7,0.3494
Provider_0012,LA,CORONARY BYPASS,Cardiovascular,19,13323.82,5535.75,4432.97,0.4155
Provider_0012,MD,RESPIRATORY INFECTIONS,Respiratory,309,9535.55,3938.5,3414.29,0.413
Provider_0198,UT,RADIATION THERAPY,Oncology,168,24910.52,9272.43,8380.81,0.3722
Provider_0288,GA,HEART FAILURE & SHOCK,Cardiovascular,134,18683.65,5366.38,4832.36,0.2872
Provider_0117,MI,STROKE,Neurological,33,16046.35,6549.61,5273.04,0.4082
Provider_0103,OH,PULMONARY EDEMA,Respiratory,24,8978.55,3513.74,3203.68,0.3913
Provider_0183,IN,TRANSIENT ISCHEMIA,Neurological,41,12312.34,3580.1,3238.0,0.2908
Provider_0108,SC,HEART FAILURE & SHOCK,Cardiovascular,102,17132.22,6566.78,5765.79,0.3833
Provider_0096,UT,HIP & FEMUR PROCEDURES,Orthopedic,254,24008.44,9662.39,8496.54,0.4025
Provider_0272,FL,PERCUTANEOUS CARDIOVASCULAR PROC,Cardiovascular,16,17126.45,4885.55,4260.04,0.2853
Provider_0177,AL,SIMPLE PNEUMONIA & PLEURISY,Respiratory,185,7621.07,2583.47,2352.6,0.339
Provider_0193,FL,KNEE PROCEDURES,Orthopedic,50,28840.13,9018.45,7271.71,0.3127
Provider_0293,CO,LYMPHOMA & LEUKEMIA,Oncology,23,24972.88,7427.47,7007.54,0.2974
Provider_0226,CT,PULMONARY EDEMA,Respiratory,74,13024.03,5369.32,4671.9,0.4123
Provider_0107,LA,INFLAMMATORY BOWEL DISEASE,Digestive,41,12318.74,4569.64,4072.29,0.371
Provider_0047,TX,SIMPLE PNEUMONIA & PLEURISY,Respiratory,34,11116.26,3657.44,2957.69,0.329
Provider_0062,SC,KIDNEY TRANSPLANT,Renal,119,10006.81,3166.48,2777.91,0.3164
Provider_0098,IN,CORONARY BYPASS,Cardiovascular,40,15373.25,5460.21,4853.81,0.3552
Provider_0170,NJ,KIDNEY TRANSPLANT,Renal,48,14317.06,4097.73,3801.99,0.2862
Provider_0251,NC,SIMPLE PNEUMONIA & PLEURISY,Respiratory,106,7369.33,2484.82,2126.76,0.3372
Provider_0081,PA,CARDIAC ARRHYTHMIA,Cardiovascular,20,17521.51,6582.07,5340.82,0.3757
Provider_0040,MO,KNEE PROCEDURES,Orthopedic,97,29742.29,10706.77,9628.78,0.36
Provider_0059,OR,KIDNEY & URINARY TRACT INFECTIONS,Renal,263,13662.1,5084.8,4716.6,0.3722
Provider_0188,TN,PANCREATIC DISORDERS,Digestive,42,12695.74,3742.92,3386.77,0.2948
Provider_0158,OH,KIDNEY & URINARY TRACT INFECTIONS,Renal,256,9462.6,3743.54,3067.2,0.3956
Provider_0013,OH,PERCUTANEOUS CARDIOVASCULAR PROC,Cardiovascular,107,20066.81,6345.45,5260.19,0.3162
Provider_0163,AZ,SIMPLE PNEUMONIA & PLEURISY,Respiratory,129,8722.43,3216.49,2833.72,0.3688
Provider_0037,TN,CARDIAC ARRHYTHMIA,Cardiovascular,77,18533.49,6206.89,5132.63,0.3349
Provider_0193,CT,INFLAMMATORY BOWEL DISEASE,Digestive,149,13106.14,4221.95,3826.04,0.3221
Provider_0251,MN,INTRACRANIAL HEMORRHAGE,Neurological,239,19384.14,7262.22,6295.57,0.3746
Provider_0058,FL,TRANSIENT ISCHEMIA,Neurological,12,13895.44,4520.26,3947.53,0.3253
Provider_0271,SC,SPINAL FUSION,Orthopedic,85,29087.67,8560.71,7945.46,0.2943
Provider_0027,SC,KIDNEY TRANSPLANT,Renal,39,8507.11,3192.46,2867.39,0.3753
Provider_0084,FL,BREAST PROCEDURES,Oncology,13,26277.24,10703.6,9939.41,0.4073
Provider_0163,IL,DIGESTIVE MALIGNANCY,Digestive,506,13349.51,5408.87,4513.67,0.4052
Provider_0145,IN,TRANSIENT ISCHEMIA,Neurological,109,14007.5,4987.41,4109.06,0.3561
Provider_0181,CT,PANCREATIC DISORDERS,Digestive,82,15534.36,4388.47,4035.28,0.2825
Provider_0236,AL,RADIATION THERAPY,Oncology,34,18919.43,5300.7,4716.3,0.2802
Provider_0072,WI,SPINAL FUSION,Orthopedic,40,24868.57,9231.53,7836.54,0.3712
Provider_0095,NJ,LYMPHOMA & LEUKEMIA,Oncology,11,24650.04,8256.51,7199.6,0.3349
Provider_0179,IL,SIMPLE PNEUMONIA & PLEURISY,Respiratory,179,11928.94,4856.21,4412.56,0.4071
Provider_0148,AL,PERCUTANEOUS CARDIOVASCULAR PROC,Cardiovascular,528,13768.06,4816.68,4299.96,0.3498
Provider_0077,CA,KNEE PROCEDURES,Orthopedic,350,33088.07,11739.44,10945.62,0.3548
Provider_0106,WI,RESPIRATORY INFECTIONS,Respiratory,27,9249.0,3482.48,3204.19,0.3765
Provider_0223,SC,TRANSIENT ISCHEMIA,Neurological,131,14483.92,4119.55,3874.15,0.2844
Provider_0007,NC,INFLAMMATORY BOWEL DISEASE,Digestive,363,11928.44,4648.26,4145.5,0.3897
Provider_0014,NJ,RENAL FAILURE,Renal,213,14197.02,5254.33,4618.35,0.3701
Provider_0055,NJ,INFLAMMATORY BOWEL DISEASE,Digestive,44,13913.71,5594.0,4659.15,0.402
Provider_0211,AZ,PULMONARY EDEMA,Respiratory,256,9286.49,2656.98,2190.02,0.2861
Provider_0093,MN,PULMONARY EDEMA,Respiratory,451,10474.41,3225.45,2909.46,0.3079
Provider_0024,MN,HEART FAILURE & SHOCK,Cardiovascular,230,17709.21,7340.63,6330.46,0.4145
Provider_0096,WI,TRANSIENT ISCHEMIA,Neurological,65,17576.46,5020.1,4668.97,0.2856
Provider_0295,NC,MAJOR JOINT REPLACEMENT - LOWER EXTREMITY,Orthopedic,70,27658.8,10058.99,9243.64,0.3637
Provider_0225,MI,CHEMOTHERAPY,Oncology,302,20728.54,7611.84,6810.57,0.3672
Provider_0293,FL,INFLAMMATORY BOWEL DISEASE,Digestive,297,11831.04,3706.15,3504.94,0.3133
Provider_0084,PA,HEART FAILURE & SHOCK,Cardiovascular,44,21825.01,7471.63,6554.29,0.3423
Provider_0164,TX,HEART FAILURE & SHOCK,Cardiovascular,69,23548.03,7444.44,6688.91,0.3161
Provider_0257,WA,CORONARY BYPASS,Cardiovascular,268,21701.7,7081.8,6142.16,0.3263
Provider_0107,PA,CORONARY BYPASS,Cardiovascular,366,17735.47,5857.94,5019.69,0.3303
Provider_0207,PA,PULMONARY EDEMA,Respiratory,87,10824.59,4251.83,3774.79,0.3928
Provider_0282,IL,CARDIAC CATHETERIZATION,Cardiovascular,14,24098.11,7162.34,5978.19,0.2972
Provider_0206,CT,INTRACRANIAL HEMORRHAGE,Neurological,82,22066.05,7155.18,6268.55,0.3243
Provider_0285,VA,CARDIAC CATHETERIZATION,Cardiovascular,88,20602.68,5818.88,4937.14,0.2824
Provider_0126,LA,TRANSIENT ISCHEMIA,Neurological,96,13325.31,4975.15,4084.34,0.3734
Provider_0264,WA,CARDIAC ARRHYTHMIA,Cardiovascular,37,23451.15,9750.7,7937.9,0.4158
Provider_0114,CT,MAJOR JOINT REPLACEMENT - LOWER EXTREMITY,Orthopedic,406,32877.5,12251.1,11599.27,0.3726
Provider_0289,MO,TRANSIENT ISCHEMIA,Neurological,249,15274.1,4518.62,4154.09,0.2958
Provider_0192,CA,CARDIAC CATHETERIZATION,Cardiovascular,141,25563.96,8405.44,6925.18,0.3288
Provider_0098,IL,SIMPLE PNEUMONIA & PLEURISY,Respiratory,72,11640.02,4534.18,4012.99,0.3895
Provider_0129,CT,INFLAMMATORY BOWEL DISEASE,Digestive,142,16991.19,6570.83,6043.01,0.3867
Provider_0093,AL,RESPIRATORY INFECTIONS,Respiratory,10,7371.58,2442.24,2098.92,0.3313
Provider_0110,LA,TRANSIENT ISCHEMIA,Neurological,66,12130.55,3520.86,3135.39,0.2902
Provider_0117,AZ,SEIZURES,Neurological,93,16065.33,6638.31,6154.21,0.4132
Provider_0043,CT,PULMONARY EDEMA,Respiratory,29,11636.08,3658.96,3188.8,0.3144
Provider_0117,TN,SPINAL FUSION,Orthopedic,161,29847.72,8433.55,6994.51,0.2826
Provider_0290,OK,BREAST PROCEDURES,Oncology,324,16481.09,6770.78,5773.74,0.4108
Provider_0136,AZ,KNEE PROCEDURES,Orthopedic,98,31277.95,12828.49,11287.01,0.4101
Provider_0263,TN,CARDIAC ARRHYTHMIA,Cardiovascular,71,19308.03,7631.39,6703.2,0.3952
Provider_0036,VA,CARDIAC CATHETERIZATION,Cardiovascular,34,18018.27,7046.53,5833.01,0.3911
Provider_0141,WI,HIP & FEMUR PROCEDURES,Orthopedic,212,26911.19,9518.75,7775.35,0.3537
Provider_0121,SC,STROKE,Neurological,268,12273.73,3801.01,3389.16,0.3097
Provider_0060,CT,KIDNEY & URINARY TRACT INFECTIONS,Renal,42,15443.78,4918.42,4541.63,0.3185
Provider_0049,OH,SEIZURES,Neurological,184,13535.95,4593.45,3780.17,0.3394
Provider_0160,FL,KIDNEY & URINARY TRACT INFECTIONS,Renal,39,10495.98,2973.61,2665.23,0.2833
Provider_0085,NJ,CARDIAC CATHETERIZATION,Cardiovascular,118,23589.93,9867.43,8095.89,0.4183
Provider_0019,MO,SPINAL FUSION,Orthopedic,80,28119.24,7935.67,6754.55,0.2822
Provider_0164,NY,GI HEMORRHAGE,Digestive,293,18823.02,5968.5,5352.52,0.3171
Provider_0130,FL,MAJOR JOINT REPLACEMENT - LOWER EXTREMITY,Orthopedic,40,29461.28,8535.5,7492.97,0.2897
Provider_0300,OK,PANCREATIC DISORDERS,Digestive,132,9751.38,3539.69,3192.87,0.363
Provider_0286,CT,SPINAL FUSION,Orthopedic,142,41928.21,15624.86,13807.18,0.3727
Provider_0208,WI,PERCUTANEOUS CARDIOVASCULAR PROC,Cardiovascular,21,20931.32,7721.45,7051.42,0.3689
Provider_0003,MI,HEART FAILURE & SHOCK,Cardiovascular,216,15613.95,5029.56,4763.92,0.3221
Provider_0121,TN,RESPIRATORY INFECTIONS,Respiratory,71,7317.1,3065.48,2878.64,0.4189
Provider_0038,UT,SPINAL FUSION,Orthopedic,45,31521.44,12641.86,11267.35,0.4011
Provider_0258,WI,GI HEMORRHAGE,Digestive,25,10931.8,3583.82,3071.82,0.3278
Provider_0262,OR,HEART FAILURE & SHOCK,Cardiovascular,53,19581.08,6708.64,5971.29,0.3426
Provider_0042,FL,PANCREATIC DISORDERS,Digestive,591,14878.06,4600.17,4322.27,0.3092
Provider_0007,IL,PANCREATIC DISORDERS,Digestive,144,13928.79,5306.86,4357.95,0.381
Provider_0276,WI,PANCREATIC DISORDERS,Digestive,71,10710.23,4040.9,3442.5,0.3773
Provider_0110,MO,STROKE,Neurological,112,13892.62,4500.12,4009.41,0.3239
Provider_0025,TN,DIGESTIVE MALIGNANCY,Digestive,55,12781.57,5055.47,4549.65,0.3955
Provider_0020,MA,BREAST PROCEDURES,Oncology,189,25531.57,9273.08,8721.03,0.3632
Provider_0287,MO,RESPIRATORY INFECTIONS,Respiratory,132,7580.77,2780.19,2495.3,0.3667
Provider_0056,MD,SPINAL FUSION,Orthopedic,83,28756.61,12057.11,9750.19,0.4193
Provider_0263,MA,RADIATION THERAPY,Oncology,32,25057.04,9761.66,8197.92,0.3896
Provider_0221,TN,STROKE,Neurological,95,16184.39,6375.94,5689.14,0.394
Provider_0007,WI,SEIZURES,Neurological,76,13167.5,5321.31,4616.07,0.4041
Provider_0062,OR,SPINAL FUSION,Orthopedic,33,30352.71,12594.4,10545.13,0.4149
Provider_0065,OR,SPINAL FUSION,Orthopedic,46,34375.92,10285.12,9053.95,0.2992
Provider_0188,WA,CARDIAC ARRHYTHMIA,Cardiovascular,129,19863.35,5741.43,4629.86,0.289
Provider_0112,NJ,KNEE PROCEDURES,Orthopedic,47,32336.04,9629.93,8952.94,0.2978
Provider_0113,OK,INTRACRANIAL HEMORRHAGE,Neurological,66,12746.06,4388.76,4027.79,0.3443
Provider_0242,NC,HEART FAILURE & SHOCK,Cardiovascular,353,18968.25,5514.04,4642.3,0.2907
Provider_0200,KY,PULMONARY EDEMA,Respiratory,84,8594.89,3199.96,2989.62,0.3723
Provider_0087,IN,TRANSIENT ISCHEMIA,Neurological,81,15992.28,4714.48,4470.46,0.2948
Provider_0017,PA,HEART FAILURE & SHOCK,Cardiovascular,174,20424.52,8012.5,6536.64,0.3923
Provider_0028,PA,KNEE PROCEDURES,Orthopedic,62,28041.35,9224.44,8451.41,0.329
Provider_0111,MD,CARDIAC CATHETERIZATION,Cardiovascular,105,24228.19,7016.96,6060.16,0.2896
Provider_0049,TN,RADIATION THERAPY,Oncology,193,18408.95,7669.88,6903.68,0.4166
Provider_0266,NY,SEIZURES,Neurological,18,24904.72,8640.84,8073.76,0.347
Provider_0288,CO,CORONARY BYPASS,Cardiovascular,479,21955.63,7937.82,7240.97,0.3615
Provider_0124,OK,CARDIAC ARRHYTHMIA,Cardiovascular,59,18186.36,5664.07,4847.45,0.3114
Provider_0113,KY,SEIZURES,Neurological,48,15685.06,5876.21,5138.2,0.3746
Provider_0018,AL,CHEMOTHERAPY,Oncology,213,21532.67,8581.03,8047.62,0.3985
Provider_0224,CO,DIGESTIVE MALIGNANCY,Digestive,470,15343.77,5494.51,4544.45,0.3581
Provider_0029,NJ,CHRONIC OBSTRUCTIVE PULMONARY,Respiratory,511,13571.55,3882.06,3201.62,0.286
Provider_0278,CO,PANCREATIC DISORDERS,Digestive,412,14088.94,4242.11,3611.55,0.3011
Provider_0295,NJ,DIGESTIVE MALIGNANCY,Digestive,95,14655.62,5262.88,4754.13,0.3591
Provider_0261,VA,TRANSIENT ISCHEMIA,Neurological,78,14274.18,5111.95,4712.01,0.3581
Provider_0231,FL,BREAST PROCEDURES,Oncology,35,27512.55,10236.28,8666.44,0.3721
Provider_0054,OR,HEART FAILURE & SHOCK,Cardiovascular,66,20563.16,7266.66,6737.7,0.3534
Provider_0223,VA,GI HEMORRHAGE,Digestive,176,14055.76,5270.53,4814.31,0.375
Provider_0024,SC,HIP & FEMUR PROCEDURES,Orthopedic,683,24120.3,8268.57,7510.43,0.3428
Provider_0260,MN,STROKE,Neurological,140,13780.66,4202.72,3380.5,0.305
Provider_0229,OK,INFLAMMATORY BOWEL DISEASE,Digestive,71,11929.84,4192.33,3808.77,0.3514
Provider_0159,TN,PERCUTANEOUS CARDIOVASCULAR PROC,Cardiovascular,108,17191.78,6441.85,5931.33,0.3747
Provider_0117,OK,KIDNEY & URINARY TRACT INFECTIONS,Renal,131,8534.34,3220.5,2936.74,0.3774
Provider_0116,NY,KNEE PROCEDURES,Orthopedic,66,34999.01,13403.6,11197.08,0.383
Provider_0198,IN,INTRACRANIAL HEMORRHAGE,Neurological,184,15273.36,4916.83,4061.41,0.3219
Provider_0137,NY,HIP & FEMUR PROCEDURES,Orthopedic,25,38943.9,15483.01,13277.85,0.3976
Provider_0254,KY,STROKE,Neurological,110,15924.9,4827.49,4369.06,0.3031
Provider_0069,MN,SIMPLE PNEUMONIA & PLEURISY,Respiratory,328,10924.34,3144.67,2917.97,0.2879
Provider_0260,CT,KNEE PROCEDURES,Orthopedic,204,35362.79,12292.66,10080.25,0.3476
Provider_0174,UT,GI HEMORRHAGE,Digestive,298,13476.89,3786.79,3061.97,0.281
Provider_0106,OK,HEART FAILURE & SHOCK,Cardiovascular,177,16717.38,6919.76,5607.38,0.4139
Provider_0106,UT,CORONARY BYPASS,Cardiovascular,48,20258.9,8437.36,7219.69,0.4165
Provider_0021,LA,INFLAMMATORY BOWEL DISEASE,Digestive,30,11991.19,3435.6,3067.83,0.2865
Provider_0148,NY,RESPIRATORY INFECTIONS,Respiratory,61,14678.27,4154.76,3737.49,0.2831
Provider_0165,AL,HIP & FEMUR PROCEDURES,Orthopedic,69,27126.14,10586.79,9461.03,0.3903
Provider_0161,KY,LYMPHOMA & LEUKEMIA,Oncology,137,18000.56,6464.83,5621.75,0.3591
Provider_0061,MO,PANCREATIC DISORDERS,Digestive,44,12533.05,4493.99,3948.01,0.3586
Provider_0198,CT,RENAL FAILURE,Renal,103,15497.56,5530.11,4932.5,0.3568
Provider_0144,TX,MAJOR JOINT REPLACEMENT - LOWER EXTREMITY,Orthopedic,28,33339.95,10343.81,8426.42,0.3103
Provider_0138,TN,HIP & FEMUR PROCEDURES,Orthopedic,104,21969.25,7727.69,7116.9,0.3518
Provider_0214,FL,HEART FAILURE & SHOCK,Cardiovascular,36,18283.66,5541.02,4707.28,0.3031
Provider_0168,MA,CARDIAC CATHETERIZATION,Cardiovascular,139,21213.67,6698.62,6310.07,0.3158
Provider_0097,KY,DIGESTIVE MALIGNANCY,Digestive,13,9321.73,3215.54,3010.97,0.345
Provider_0197,MI,SPINAL FUSION,Orthopedic,65,28791.16,9663.28,7866.01,0.3356
Provider_0085,MD,PERCUTANEOUS CARDIOVASCULAR PROC,Cardiovascular,98,20188.58,7893.73,6998.89,0.391
Provider_0268,GA,PANCREATIC DISORDERS,Digestive,36,13268.86,4681.61,4059.61,0.3528
Provider_0220,TX,RESPIRATORY INFECTIONS,Respiratory,64,11523.75,3499.07,3065.38,0.3036
Provider_0246,CA,CARDIAC CATHETERIZATION,Cardiovascular,168,27632.31,8948.52,8230.75,0.3238
Provider_0021,MD,KIDNEY TRANSPLANT,Renal,94,15426.66,5221.72,4948.18,0.3385
Provider_0025,UT,TRANSIENT ISCHEMIA,Neurological,710,17893.86,6653.99,5452.77,0.3719
Provider_0265,FL,MAJOR JOINT REPLACEMENT - LOWER EXTREMITY,Orthopedic,217,27924.03,9300.48,8798.43,0.3331
Provider_0213,WI,RENAL FAILURE,Renal,158,10349.04,3580.39,3305.58,0.346
Provider_0218,AL,HIP & FEMUR PROCEDURES,Orthopedic,264,24606.87,7731.67,6316.32,0.3142
Provider_0279,UT,PANCREATIC DISORDERS,Digestive,28,11661.35,4000.42,3649.68,0.343
Provider_0212,TN,MAJOR JOINT REPLACEMENT - LOWER EXTREMITY,Orthopedic,231,25576.75,10667.42,9548.63,0.4171
Provider_0148,CT,SEIZURES,Neurological,55,15962.55,5992.88,4944.54,0.3754
Provider_0294,OK,RADIATION THERAPY,Oncology,49,20339.16,7671.55,6727.17,0.3772
Provider_0039,MA,CORONARY BYPASS,Cardiovascular,182,23234.03,8975.19,8396.66,0.3863
Provider_0091,NC,DIGESTIVE MALIGNANCY,Digestive,284,12027.9,4839.93,3872.08,0.4024
Provider_0084,TX,SPINAL FUSION,Orthopedic,40,30293.78,9028.72,7781.98,0.298
Provider_0275,IN,CARDIAC ARRHYTHMIA,Cardiovascular,416,14814.72,5615.91,5312.18,0.3791
Provider_0275,NC,KIDNEY & URINARY TRACT INFECTIONS,Renal,405,11297.35,3645.26,3369.71,0.3227
Provider_0161,MA,KNEE PROCEDURES,Orthopedic,155,37828.5,11103.23,9285.45,0.2935
Provider_0196,AL,CHRONIC OBSTRUCTIVE PULMONARY,Respiratory,119,7298.35,2349.99,2141.96,0.322
Provider_0183,OR,RENAL FAILURE,Renal,142,12797.29,5181.91,4289.58,0.4049
Provider_0255,TN,HEART FAILURE & SHOCK,Cardiovascular,50,16203.47,5144.42,4724.5,0.3175
Provider_0035,CO,PERCUTANEOUS CARDIOVASCULAR PROC,Cardiovascular,39,21133.27,8099.52,7117.75,0.3833
Provider_0174,IN,HEART FAILURE & SHOCK,Cardiovascular,13,18101.03,5276.61,4942.08,0.2915
Provider_0276,MA,CORONARY BYPASS,Cardiovascular,277,23521.28,8585.09,7681.05,0.365
Provider_0067,LA,INFLAMMATORY BOWEL DISEASE,Digestive,145,9355.21,2926.18,2686.27,0.3128
Provider_0262,MN,PULMONARY EDEMA,Respiratory,120,10791.71,3786.56,3389.41,0.3509
Provider_0093,MN,SIMPLE PNEUMONIA & PLEURISY,Respiratory,14,10317.05,4199.38,3509.96,0.407
Provider_0189,WA,KNEE PROCEDURES,Orthopedic,86,33822.23,11716.03,10411.22,0.3464
Provider_0245,IL,KIDNEY & URINARY TRACT INFECTIONS,Renal,39,10630.34,3137.27,2669.28,0.2951
Provider_0041,IN,CARDIAC ARRHYTHMIA,Cardiovascular,51,19476.44,6535.95,5314.14,0.3356
Provider_0147,IN,CORONARY BYPASS,Cardiovascular,264,17407.42,4946.38,4458.24,0.2842
Provider_0109,NJ,CARDIAC CATHETERIZATION,Cardiovascular,70,22985.62,7758.63,7263.18,0.3375
Provider_0174,VA,STROKE,Neurological,218,18652.27,7367.05,5895.37,0.395
Provider_0161,SC,PANCREATIC DISORDERS,Digestive,17,11207.63,4215.44,3444.75,0.3761
Provider_0243,NY,RESPIRATORY INFECTIONS,Respiratory,118,13133.66,5332.86,4589.65,0.406
Provider_0266,MA,GI HEMORRHAGE,Digestive,142,16965.54,5609.97,4987.54,0.3307
Provider_0117,AZ,SEIZURES,Neurological,24,13966.99,4246.79,3803.77,0.3041
Provider_0235,TX,HIP & FEMUR PROCEDURES,Orthopedic,101,27712.24,7804.84,6737.96,0.2816
Provider_0294,CA,CARDIAC ARRHYTHMIA,Cardiovascular,299,27527.23,8540.25,7429.94,0.3102
Provider_0122,OK,RESPIRATORY INFECTIONS,Respiratory,77,8402.07,2676.51,2264.18,0.3186
Provider_0023,UT,SPINAL FUSION,Orthopedic,68,28211.21,10186.99,9309.92,0.3611
Provider_0290,GA,RENAL FAILURE,Renal,65,8982.79,3009.38,2644.86,0.335
Provider_0202,AL,PERCUTANEOUS CARDIOVASCULAR PROC,Cardiovascular,15,17085.01,7048.08,5997.67,0.4125
Provider_0294,OK,RESPIRATORY INFECTIONS,Respiratory,59,6773.27,2284.95,1934.63,0.3373
Provider_0067,PA,KNEE PROCEDURES,Orthopedic,39,35156.89,12078.51,10909.81,0.3436
Provider_0262,NJ,CARDIAC ARRHYTHMIA,Cardiovascular,14,19833.63,6630.74,5463.76,0.3343
Provider_0035,OR,CARDIAC CATHETERIZATION,Cardiovascular,50,23067.58,6833.99,6447.1,0.2963
Provider_0109,SC,SPINAL FUSION,Orthopedic,220,29430.13,9428.73,8902.33,0.3204
Provider_0042,TN,DIGESTIVE MALIGNANCY,Digestive,30,11273.03,4011.38,3667.55,0.3558
Provider_0139,TX,RESPIRATORY INFECTIONS,Respiratory,33,10173.3,3813.3,3185.08,0.3748
Provider_0139,OH,MAJOR JOINT REPLACEMENT - LOWER EXTREMITY,Orthopedic,114,25164.13,8610.31,7697.06,0.3422
Provider_0275,NY,MAJOR JOINT REPLACEMENT - LOWER EXTREMITY,Orthopedic,169,37442.71,12191.92,11202.89,0.3256
Provider_0064,PA,INFLAMMATORY BOWEL DISEASE,Digestive,14,12807.16,4559.65,3803.49,0.356
Provider_0005,OR,KIDNEY TRANSPLANT,Renal,62,12226.61,3488.46,3181.06,0.2853
Provider_0108,IN,STROKE,Neurological,261,16289.72,4900.46,4260.47,0.3008
Provider_0216,VA,GI HEMORRHAGE,Digestive,116,12365.2,3956.99,3286.21,0.32
Provider_0219,SC,RESPIRATORY INFECTIONS,Respiratory,311,7736.21,2952.14,2757.79,0.3816
Provider_0116,MO,HIP & FEMUR PROCEDURES,Orthopedic,183,26772.73,11079.8,9197.03,0.4138
Provider_0013,WA,MAJOR JOINT REPLACEMENT - LOWER EXTREMITY,Orthopedic,52,31386.9,10158.87,8517.27,0.3237
Provider_0054,MA,INTRACRANIAL HEMORRHAGE,Neurological,168,21779.72,8931.78,7186.35,0.4101
Provider_0057,MI,CARDIAC CATHETERIZATION,Cardiovascular,63,20775.31,6627.87,5511.78,0.319
Provider_0067,UT,CORONARY BYPASS,Cardiovascular,36,21566.29,6309.73,5049.98,0.2926
Provider_0128,CA,SIMPLE PNEUMONIA & PLEURISY,Respiratory,171,10934.97,4215.21,3858.35,0.3855
Provider_0260,NC,INFLAMMATORY BOWEL DISEASE,Digestive,154,9893.8,3323.07,3018.92,0.3359
Provider_0290,UT,CORONARY BYPASS,Cardiovascular,61,15999.29,6290.17,5926.3,0.3932
Provider_0144,WA,RADIATION THERAPY,Oncology,253,28739.36,8501.4,7874.94,0.2958
Provider_0215,IL,CARDIAC ARRHYTHMIA,Cardiovascular,158,21841.32,6761.11,6284.52,0.3096
Provider_0158,AZ,CORONARY BYPASS,Cardiovascular,12,19543.76,7776.7,6861.75,0.3979
Provider_0023,CO,CORONARY BYPASS,Cardiovascular,63,22288.44,6624.32,6182.47,0.2972
Provider_0053,UT,KNEE PROCEDURES,Orthopedic,127,24503.4,9202.66,7696.09,0.3756
Provider_0119,AL,CHRONIC OBSTRUCTIVE PULMONARY,Respiratory,98,6885.05,2675.18,2249.05,0.3885
Provider_0241,AZ,RENAL FAILURE,Renal,163,10707.32,3601.33,2936.57,0.3363
Provider_0157,KY,GI HEMORRHAGE,Digestive,48,11720.68,3384.66,3133.86,0.2888
Provider_0141,OK,HEART FAILURE & SHOCK,Cardiovascular,26,16219.09,6508.99,5765.48,0.4013
Provider_0217,MD,KIDNEY TRANSPLANT,Renal,21,14154.13,4941.69,4240.7,0.3491
Provider_0011,AL,INTRACRANIAL HEMORRHAGE,Neurological,31,14019.47,5233.38,4945.06,0.3733
Provider_0298,IN,STROKE,Neurological,52,12238.91,4766.51,4273.76,0.3895
Provider_0256,IN,PULMONARY EDEMA,Respiratory,68,9547.15,3309.38,2702.59,0.3466
Provider_0031,AZ,DIGESTIVE MALIGNANCY,Digestive,16,13826.5,4677.65,4319.0,0.3383
Provider_0173,TX,HEART FAILURE & SHOCK,Cardiovascular,254,21892.34,8115.05,7461.27,0.3707
Provider_0149,WA,PULMONARY EDEMA,Respiratory,330,9655.24,3699.82,3500.73,0.3832
Provider_0049,OK,GI HEMORRHAGE,Digestive,113,9080.25,2597.14,2337.51,0.286
Provider_0280,MN,DIGESTIVE MALIGNANCY,Digestive,47,14805.74,4176.06,3578.32,0.2821
Provider_0268,TX,PERCUTANEOUS CARDIOVASCULAR PROC,Cardiovascular,366,17047.75,6530.45,5547.85,0.3831
Provider_0119,MN,SIMPLE PNEUMONIA & PLEURISY,Respiratory,84,11539.82,4069.69,3669.36,0.3527
Provider_0187,OK,SIMPLE PNEUMONIA & PLEURISY,Respiratory,98,9223.02,2744.56,2202.62,0.2976
Provider_0055,MA,GI HEMORRHAGE,Digestive,34,15637.87,5105.67,4346.31,0.3265
Provider_0135,KY,HEART FAILURE & SHOCK,Cardiovascular,65,13624.59,4386.74,3934.77,0.322
Provider_0045,NY,KIDNEY & URINARY TRACT INFECTIONS,Renal,105,17562.42,6407.83,5406.11,0.3649
Provider_0124,MN,CORONARY BYPASS,Cardiovascular,158,22901.92,8346.85,7270.19,0.3645
Provider_0143,SC,TRANSIENT ISCHEMIA,Neurological,389,15575.39,6073.26,5761.69,0.3899
Provider_0267,OK,DIGESTIVE MALIGNANCY,Digestive,40,9479.35,2841.08,2538.11,0.2997
Provider_0175,WA,INFLAMMATORY BOWEL DISEASE,Digestive,294,13065.96,4834.34,4454.74,0.37
Provider_0241,WI,CHRONIC OBSTRUCTIVE PULMONARY,Respiratory,86,10244.87,3883.63,3143.14,0.3791
Provider_0226,MO,PERCUTANEOUS CARDIOVASCULAR PROC,Cardiovascular,41,14178.48,4795.02,4053.17,0.3382
Provider_0210,MA,CHRONIC OBSTRUCTIVE PULMONARY,Respiratory,146,10257.2,3266.49,3008.59,0.3185
Provider_0235,AZ,MAJOR JOINT REPLACEMENT - LOWER EXTREMITY,Orthopedic,83,30175.47,12098.99,10552.74,0.401
Provider_0272,VA,KIDNEY TRANSPLANT,Renal,199,13268.93,4164.81,3931.97,0.3139
Provider_0089,NY,BREAST PROCEDURES,Oncology,72,36453.56,12873.78,10722.15,0.3532
Provider_0285,MO,INTRACRANIAL HEMORRHAGE,Neurological,38,11664.75,3289.3,3040.66,0.282
Provider_0141,OR,SIMPLE PNEUMONIA & PLEURISY,Respiratory,396,10221.86,4260.71,3892.57,0.4168
Provider_0084,MI,KNEE PROCEDURES,Orthopedic,54,26595.47,9152.91,8395.07,0.3442
Provider_0156,AL,DIGESTIVE MALIGNANCY,Digestive,92,8713.21,2450.72,2091.83,0.2813
Provider_0091,MI,DIGESTIVE MALIGNANCY,Digestive,40,11782.03,4697.8,4271.85,0.3987
Provider_0248,MN,MAJOR JOINT REPLACEMENT - LOWER EXTREMITY,Orthopedic,71,35172.9,9850.59,9212.35,0.2801
Provider_0117,SC,KIDNEY TRANSPLANT,Renal,91,9965.1,3462.04,3099.62,0.3474
Provider_0181,UT,KIDNEY & URINARY TRACT INFECTIONS,Renal,80,10410.86,3821.68,3626.26,0.3671
Provider_0266,OR,MAJOR JOINT REPLACEMENT - LOWER EXTREMITY,Orthopedic,42,28245.37,11539.74,9408.01,0.4086
Provider_0221,OR,HEART FAILURE & SHOCK,Cardiovascular,41,23457.3,7054.66,6362.83,0.3007
Provider_0109,NY,INTRACRANIAL HEMORRHAGE,Neurological,109,20992.14,6836.87,6330.6,0.3257
Provider_0084,OK,HIP & FEMUR PROCEDURES,Orthopedic,361,27990.48,9481.01,8694.61,0.3387
Provider_0271,MA,MAJOR JOINT REPLACEMENT - LOWER EXTREMITY,Orthopedic,117,33311.37,10873.47,10093.34,0.3264
Provider_0024,FL,HIP & FEMUR PROCEDURES,Orthopedic,21,34454.29,9877.0,8978.32,0.2867
Provider_0069,AL,INTRACRANIAL HEMORRHAGE,Neurological,96,12904.95,3695.42,3117.1,0.2864
Provider_0138,UT,MAJOR JOINT REPLACEMENT - LOWER EXTREMITY,Orthopedic,10,27882.35,9846.69,7958.05,0.3532
Provider_0038,GA,CARDIAC CATHETERIZATION,Cardiovascular,53,15914.04,4459.22,4055.22,0.2802
Provider_0025,MD,INTRACRANIAL HEMORRHAGE,Neurological,74,19747.43,7214.69,6741.45,0.3653
Provider_0016,TN,GI HEMORRHAGE,Digestive,26,10453.73,4389.9,3779.1,0.4199
Provider_0202,AL,GI HEMORRHAGE,Digestive,117,11029.82,3209.5,2829.73,0.291
Provider_0048,OR,CHRONIC OBSTRUCTIVE PULMONARY,Respiratory,115,11714.45,3349.62,2813.01,0.2859
Provider_0292,WI,INTRACRANIAL HEMORRHAGE,Neurological,180,13022.44,4583.11,4016.34,0.3519
Provider_0167,IN,BREAST PROCEDURES,Oncology,30,18480.51,5428.7,4997.27,0.2938
Provider_0245,CT,KIDNEY & URINARY TRACT INFECTIONS,Renal,13,11937.25,3580.03,2978.61,0.2999
Provider_0271,FL,HEART FAILURE & SHOCK,Cardiovascular,165,20348.34,8395.58,7341.42,0.4126
Provider_0078,NY,INFLAMMATORY BOWEL DISEASE,Digestive,294,14374.44,5598.9,4583.58,0.3895
Provider_0168,KY,SEIZURES,Neurological,79,12445.41,4712.85,4347.93,0.3787
Provider_0147,MD,MAJOR JOINT REPLACEMENT - LOWER EXTREMITY,Orthopedic,162,38059.57,11611.82,10682.88,0.3051
Provider_0022,VA,CORONARY BYPASS,Cardiovascular,250,17105.36,5531.37,4665.75,0.3234
Provider_0083,MD,KNEE PROCEDURES,Orthopedic,44,35310.04,12713.18,11758.74,0.36
Provider_0140,MD,PERCUTANEOUS CARDIOVASCULAR PROC,Cardiovascular,34,18201.16,6091.85,5048.4,0.3347
Provider_0050,IN,LYMPHOMA & LEUKEMIA,Oncology,168,20069.67,5811.56,5332.48,0.2896
Provider_0141,TN,CHRONIC OBSTRUCTIVE PULMONARY,Respiratory,58,7045.42,2341.54,2204.95,0.3323
Provider_0029,WI,INTRACRANIAL HEMORRHAGE,Neurological,24,16513.22,6439.13,5731.89,0.3899
Provider_0006,AL,CHRONIC OBSTRUCTIVE PULMONARY,Respiratory,305,6533.24,2241.01,2121.26,0.343
Provider_0204,KY,HEART FAILURE & SHOCK,Cardiovascular,170,17567.44,5958.56,5076.56,0.3392
Provider_0166,OH,CHRONIC OBSTRUCTIVE PULMONARY,Respiratory,97,9981.51,3676.17,3244.0,0.3683
Provider_0108,MN,CORONARY BYPASS,Cardiovascular,19,22997.48,7396.47,6019.32,0.3216
Provider_0283,MD,INTRACRANIAL HEMORRHAGE,Neurological,106,19019.91,7199.62,6162.8,0.3785
Provider_0065,MI,KNEE PROCEDURES,Orthopedic,122,27403.82,8713.14,7751.65,0.318
Provider_0248,MD,CARDIAC ARRHYTHMIA,Cardiovascular,123,19638.07,8080.44,6472.45,0.4115
Provider_0137,MN,SEIZURES,Neurological,146,16084.22,4538.25,4027.42,0.2822
Provider_0176,NY,CHEMOTHERAPY,Oncology,71,35233.06,10795.26,9725.11,0.3064
Provider_0271,IL,CARDIAC ARRHYTHMIA,Cardiovascular,172,19443.63,7867.05,6393.12,0.4046
Provider_0041,NY,MAJOR JOINT REPLACEMENT - LOWER EXTREMITY,Orthopedic,79,46988.72,14664.43,12934.49,0.3121
Provider_0047,MI,DIGESTIVE MALIGNANCY,Digestive,21,11257.67,4535.11,4130.61,0.4028
Provider_0161,CA,CARDIAC CATHETERIZATION,Cardiovascular,19,28404.49,9364.41,8088.18,0.3297
Provider_0077,NJ,SEIZURES,Neurological,373,21954.67,8621.87,7961.85,0.3927
Provider_0209,AL,CARDIAC ARRHYTHMIA,Cardiovascular,96,14361.73,6007.11,5068.35,0.4183
Provider_0137,NC,CORONARY BYPASS,Cardiovascular,102,15804.21,5240.41,4896.12,0.3316
Provider_0168,MO,DIGESTIVE MALIGNANCY,Digestive,73,12621.37,4661.24,4311.87,0.3693
Provider_0139,NY,HIP & FEMUR PROCEDURES,Orthopedic,340,34198.17,13524.15,11412.45,0.3955
Provider_0207,KY,PERCUTANEOUS CARDIOVASCULAR PROC,Cardiovascular,117,15902.6,5498.06,4421.8,0.3457
Provider_0133,CA,GI HEMORRHAGE,Digestive,11,16087.77,6585.75,5379.12,0.4094
Provider_0069,IN,CARDIAC CATHETERIZATION,Cardiovascular,174,18252.4,7222.63,6261.51,0.3957
Provider_0052,CA,PULMONARY EDEMA,Respiratory,80,12680.75,4003.1,3648.35,0.3157
Provider_0177,AL,PANCREATIC DISORDERS,Digestive,39,11559.29,4509.16,4034.95,0.3901
Provider_0035,MI,PULMONARY EDEMA,Respiratory,260,8132.55,2724.26,2405.54,0.335
Provider_0214,OH,CARDIAC CATHETERIZATION,Cardiovascular,145,20578.82,8236.2,7513.5,0.4002
Provider_0045,NC,CARDIAC CATHETERIZATION,Cardiovascular,73,18458.78,6162.88,5382.7,0.3339
Provider_0289,IN,DIGESTIVE MALIGNANCY,Digestive,162,12214.0,4300.43,3544.44,0.3521
Provider_0115,UT,CORONARY BYPASS,Cardiovascular,168,20854.47,6193.97,5544.82,0.297
Provider_0147,NY,CARDIAC ARRHYTHMIA,Cardiovascular,122,23584.01,6794.14,5833.82,0.2881
Provider_0019,MN,PERCUTANEOUS CARDIOVASCULAR PROC,Cardiovascular,111,23234.42,7854.7,7171.97,0.3381
Provider_0093,FL,INTRACRANIAL HEMORRHAGE,Neurological,178,14924.79,4863.35,4289.49,0.3259
Provider_0282,TN,BREAST PROCEDURES,Oncology,121,17642.22,5772.69,4741.84,0.3272
Provider_0193,IN,CARDIAC CATHETERIZATION,Cardiovascular,183,18010.89,6992.15,6591.62,0.3882
Provider_0282,IN,INTRACRANIAL HEMORRHAGE,Neurological,18,14020.65,5026.33,4494.87,0.3585
Provider_0118,OK,RENAL FAILURE,Renal,164,9814.56,3896.93,3597.68,0.3971
Provider_0181,NC,MAJOR JOINT REPLACEMENT - LOWER EXTREMITY,Orthopedic,34,29926.23,12076.98,10506.33,0.4036
Provider_0006,AZ,PULMONARY EDEMA,Respiratory,11,8790.82,2717.37,2191.01,0.3091
Provider_0045,VA,PERCUTANEOUS CARDIOVASCULAR PROC,Cardiovascular,236,19674.05,8212.71,7125.12,0.4174
Provider_0206,MN,KNEE PROCEDURES,Orthopedic,352,26157.39,8958.75,7261.08,0.3425
Provider_0235,GA,PERCUTANEOUS CARDIOVASCULAR PROC,Cardiovascular,84,18860.59,7015.05,6357.84,0.3719
Provider_0048,TX,STROKE,Neurological,66,17674.73,5184.92,4228.57,0.2934
Provider_0209,LA,STROKE,Neurological,115,14664.1,5649.27,5199.87,0.3852
Provider_0215,FL,TRANSIENT ISCHEMIA,Neurological,159,15962.14,5949.85,5069.54,0.3727
Provider_0170,FL,SPINAL FUSION,Orthopedic,273,31830.09,11730.5,9659.73,0.3685
Provider_0094,CT,GI HEMORRHAGE,Digestive,68,15839.65,4846.18,4312.93,0.306
Provider_0279,UT,KIDNEY TRANSPLANT,Renal,34,9646.34,3641.13,3121.97,0.3775
Provider_0222,MO,LYMPHOMA & LEUKEMIA,Oncology,48,21868.36,6931.58,6521.65,0.317
Provider_0278,CT,SIMPLE PNEUMONIA & PLEURISY,Respiratory,219,11386.01,3631.96,3262.25,0.319
Provider_0204,MI,INTRACRANIAL HEMORRHAGE,Neurological,216,15476.46,6463.94,5933.94,0.4177
Provider_0079,CA,MAJOR JOINT REPLACEMENT - LOWER EXTREMITY,Orthopedic,84,35622.78,12045.26,11241.48,0.3381
Provider_0232,PA,SEIZURES,Neurological,141,15168.19,6153.87,5742.9,0.4057
Provider_0256,CT,MAJOR JOINT REPLACEMENT - LOWER EXTREMITY,Orthopedic,219,40099.67,12625.83,11192.87,0.3149
Provider_0163,IL,PERCUTANEOUS CARDIOVASCULAR PROC,Cardiovascular,290,23723.28,9304.0,8384.2,0.3922
Provider_0291,MA,SIMPLE PNEUMONIA & PLEURISY,Respiratory,26,10036.83,3316.77,3043.34,0.3305
Provider_0003,MN,CARDIAC ARRHYTHMIA,Cardiovascular,156,18626.14,5561.21,4875.77,0.2986
Provider_0171,TN,MAJOR JOINT REPLACEMENT - LOWER EXTREMITY,Orthopedic,116,26543.98,11113.83,10152.59,0.4187
Provider_0183,TX,PANCREATIC DISORDERS,Digestive,113,13851.02,5562.26,4766.13,0.4016
Provider_0170,OK,HIP & FEMUR PROCEDURES,Orthopedic,86,24202.1,8450.91,7852.22,0.3492
Provider_0210,WI,CHEMOTHERAPY,Oncology,16,21757.65,8147.59,7346.11,0.3745
Provider_0182,AL,LYMPHOMA & LEUKEMIA,Oncology,129,16250.99,6016.05,5692.01,0.3702
Provider_0214,MI,MAJOR JOINT REPLACEMENT - LOWER EXTREMITY,Orthopedic,131,30266.62,9234.64,8364.47,0.3051
Provider_0059,MO,STROKE,Neurological,366,11892.04,4470.88,3593.44,0.376
Provider_0094,NJ,KNEE PROCEDURES,Orthopedic,204,42517.78,15095.13,13182.19,0.355
Provider_0299,WA,CARDIAC CATHETERIZATION,Cardiovascular,225,23217.89,6756.36,6155.62,0.291
Provider_0144,MN,DIGESTIVE MALIGNANCY,Digestive,76,11399.59,4160.38,3878.08,0.365
Provider_0215,AZ,INTRACRANIAL HEMORRHAGE,Neurological,93,18411.23,6916.8,5922.96,0.3757
Provider_0119,AL,KIDNEY & URINARY TRACT INFECTIONS,Renal,717,8045.76,3263.61,2915.69,0.4056
Provider_0268,LA,HIP & FEMUR PROCEDURES,Orthopedic,189,21796.79,7163.54,6198.67,0.3287
Provider_0058,IN,SEIZURES,Neurological,343,12141.05,4054.91,3287.14,0.334
Provider_0293,TX,SPINAL FUSION,Orthopedic,47,27268.54,8274.61,6802.48,0.3034
Provider_0056,UT,PERCUTANEOUS CARDIOVASCULAR PROC,Cardiovascular,49,20329.25,6620.74,5593.91,0.3257
Provider_0004,OK,KIDNEY & URINARY TRACT INFECTIONS,Renal,62,9042.51,3766.68,3109.46,0.4166
Provider_0011,MO,RESPIRATORY INFECTIONS,Respiratory,528,7739.37,2273.84,2101.93,0.2938
Provider_0112,OK,SEIZURES,Neurological,27,13586.86,4765.88,3915.7,0.3508
Provider_0181,OK,MAJOR JOINT REPLACEMENT - LOWER EXTREMITY,Orthopedic,79,28763.13,9647.13,8752.63,0.3354
Provider_0106,AL,CHRONIC OBSTRUCTIVE PULMONARY,Respiratory,164,8040.15,3002.27,2751.75,0.3734
Provider_0082,MA,CARDIAC CATHETERIZATION,Cardiovascular,556,27175.16,9022.3,7481.97,0.332
Provider_0048,WA,PANCREATIC DISORDERS,Digestive,108,15702.68,5843.46,4777.33,0.3721
Provider_0229,MO,PERCUTANEOUS CARDIOVASCULAR PROC,Cardiovascular,74,16868.91,6856.56,6400.48,0.4065
Provider_0072,IL,MAJOR JOINT REPLACEMENT - LOWER EXTREMITY,Orthopedic,96,36200.8,12177.54,11514.29,0.3364
Provider_0131,LA,PANCREATIC DISORDERS,Digestive,28,10959.99,3353.07,2822.61,0.3059
Provider_0185,WA,KNEE PROCEDURES,Orthopedic,50,39462.98,16408.3,14532.65,0.4158
Provider_0255,IL,RESPIRATORY INFECTIONS,Respiratory,345,11721.98,3835.99,3488.52,0.3272
Provider_0013,PA,HEART FAILURE & SHOCK,Cardiovascular,13,17736.25,6257.53,5495.95,0.3528
Provider_0273,WA,RENAL FAILURE,Renal,16,12959.57,4049.71,3400.97,0.3125
Provider_0111,AL,SPINAL FUSION,Orthopedic,365,28099.07,10267.17,9637.57,0.3654
Provider_0210,OR,STROKE,Neurological,85,18417.32,5555.2,4850.19,0.3016
Provider_0094,IN,DIGESTIVE MALIGNANCY,Digestive,186,10921.35,4323.3,3569.34,0.3959
Provider_0053,CO,HEART FAILURE & SHOCK,Cardiovascular,95,22051.61,8985.7,7875.77,0.4075
Provider_0227,SC,SEIZURES,Neurological,106,13244.39,5264.45,4338.44,0.3975
Provider_0072,NJ,MAJOR JOINT REPLACEMENT - LOWER EXTREMITY,Orthopedic,59,36305.52,14096.47,13211.84,0.3883
Provider_0273,OR,HEART FAILURE & SHOCK,Cardiovascular,123,18214.9,5241.77,4640.38,0.2878
Provider_0102,CA,CARDIAC CATHETERIZATION,Cardiovascular,242,27757.24,11375.74,9724.93,0.4098
Provider_0149,PA,PANCREATIC DISORDERS,Digestive,99,14128.83,4419.77,3764.6,0.3128
Provider_0028,MD,PULMONARY EDEMA,Respiratory,334,10013.85,3661.11,3301.5,0.3656
Provider_0058,TX,STROKE,Neurological,269,18293.11,5832.67,4912.52,0.3188
Provider_0238,WA,HEART FAILURE & SHOCK,Cardiovascular,157,23067.53,9656.42,8176.88,0.4186
Provider_0208,GA,PULMONARY EDEMA,Respiratory,46,8295.08,3291.82,3095.37,0.3968
Provider_0142,MO,BREAST PROCEDURES,Oncology,31,18698.61,7094.6,5966.15,0.3794
Provider_0010,WA,SPINAL FUSION,Orthopedic,35,28619.11,8254.14,7723.52,0.2884
Provider_0105,MD,KIDNEY & URINARY TRACT INFECTIONS,Renal,24,15310.38,5967.82,5188.17,0.3898
Provider_0176,CO,CARDIAC ARRHYTHMIA,Cardiovascular,242,20179.79,7790.31,6577.05,0.386
Provider_0116,SC,HEART FAILURE & SHOCK,Cardiovascular,166,18676.58,6808.2,6328.02,0.3645
Provider_0025,MN,CARDIAC CATHETERIZATION,Cardiovascular,100,18483.18,6450.53,5450.64,0.349
Provider_0091,CO,SEIZURES,Neurological,104,20110.82,6599.45,6005.17,0.3282
Provider_0180,MO,CORONARY BYPASS,Cardiovascular,110,17689.76,7178.04,6172.6,0.4058
Provider_0056,IN,CORONARY BYPASS,Cardiovascular,203,14681.42,5296.47,4605.79,0.3608
Provider_0030,OR,LYMPHOMA & LEUKEMIA,Oncology,40,28156.56,10972.33,9929.47,0.3897
Provider_0220,NJ,KNEE PROCEDURES,Orthopedic,257,40367.39,15531.05,13732.38,0.3847
Provider_0052,KY,PANCREATIC DISORDERS,Digestive,429,10689.95,3513.28,2837.16,0.3287
Provider_0182,LA,INTRACRANIAL HEMORRHAGE,Neurological,39,15611.73,5626.8,4617.82,0.3604
Provider_0273,MI,KIDNEY & URINARY TRACT INFECTIONS,Renal,19,13055.14,5106.52,4206.47,0.3912
Provider_0014,IN,MAJOR JOINT REPLACEMENT - LOWER EXTREMITY,Orthopedic,20,26103.71,9071.0,8400.98,0.3475
Provider_0006,MA,CARDIAC CATHETERIZATION,Cardiovascular,68,23650.23,7626.25,7167.79,0.3225
Provider_0198,PA,LYMPHOMA & LEUKEMIA,Oncology,75,24499.6,10074.12,8530.47,0.4112
Provider_0044,OR,SEIZURES,Neurological,58,19384.79,7720.59,6435.86,0.3983
Provider_0100,SC,HIP & FEMUR PROCEDURES,Orthopedic,344,26651.17,7748.89,6611.35,0.2908
Provider_0050,FL,KNEE PROCEDURES,Orthopedic,15,29087.2,9928.76,9282.29,0.3413
Provider_0239,CA,KNEE PROCEDURES,Orthopedic,73,41071.14,15284.31,12388.18,0.3721
Provider_0237,UT,CORONARY BYPASS,Cardiovascular,13,21015.67,6344.2,5284.81,0.3019
Provider_0264,TX,SPINAL FUSION,Orthopedic,55,36622.31,11599.31,9824.12,0.3167
Provider_0230,OH,RADIATION THERAPY,Oncology,67,21137.72,6764.03,5503.93,0.32
Provider_0122,MO,CARDIAC CATHETERIZATION,Cardiovascular,77,18116.67,7163.8,5888.4,0.3954
Provider_0096,CT,KNEE PROCEDURES,Orthopedic,185,35880.85,12225.6,10238.03,0.3407
Provider_0299,NC,PULMONARY EDEMA,Respiratory,39,9705.22,3477.54,3214.2,0.3583
Provider_0291,IN,INTRACRANIAL HEMORRHAGE,Neurological,70,15248.03,5007.65,4510.21,0.3284
Provider_0270,MN,CORONARY BYPASS,Cardiovascular,82,21832.41,9162.35,7592.56,0.4197
Provider_0047,CA,HIP & FEMUR PROCEDURES,Orthopedic,344,34527.05,12677.83,10565.72,0.3672
Provider_0074,WI,SPINAL FUSION,Orthopedic,189,24577.33,8827.17,7647.31,0.3592
Provider_0116,AZ,GI HEMORRHAGE,Digestive,69,10939.66,3088.52,2777.37,0.2823
Provider_0209,TN,CORONARY BYPASS,Cardiovascular,42,18476.96,7626.46,6449.62,0.4128
Provider_0018,UT,KIDNEY & URINARY TRACT INFECTIONS,Renal,75,9544.9,2725.21,2414.79,0.2855
Provider_0298,FL,CARDIAC ARRHYTHMIA,Cardiovascular,361,21842.11,7075.07,5923.12,0.3239
Provider_0072,VA,PULMONARY EDEMA,Respiratory,447,9832.44,3131.96,2838.86,0.3185
Provider_0292,OH,PERCUTANEOUS CARDIOVASCULAR PROC,Cardiovascular,76,20543.89,8069.45,6727.08,0.3928
Provider_0151,CO,CARDIAC ARRHYTHMIA,Cardiovascular,22,20855.67,6824.89,6351.26,0.3272
Provider_0228,TN,RESPIRATORY INFECTIONS,Respiratory,16,8281.34,2831.35,2407.1,0.3419
Provider_0285,MA,HIP & FEMUR PROCEDURES,Orthopedic,39,33597.42,10801.4,10116.81,0.3215
Provider_0030,WI,PANCREATIC DISORDERS,Digestive,63,11677.2,4380.79,3541.88,0.3752
Provider_0231,WA,CHRONIC OBSTRUCTIVE PULMONARY,Respiratory,35,11604.89,3671.51,3425.2,0.3164
Provider_0050,MD,SPINAL FUSION,Orthopedic,259,37225.58,11158.56,9840.03,0.2998
Provider_0298,MO,CORONARY BYPASS,Cardiovascular,63,17771.4,5649.35,4588.32,0.3179
Provider_0189,NC,PERCUTANEOUS CARDIOVASCULAR PROC,Cardiovascular,464,18879.98,7029.38,6232.75,0.3723
Provider_0273,MD,BREAST PROCEDURES,Oncology,125,25802.08,8768.79,7449.46,0.3398
Provider_0004,TN,INTRACRANIAL HEMORRHAGE,Neurological,336,14730.94,5822.53,5143.79,0.3953
Provider_0047,OH,CARDIAC ARRHYTHMIA,Cardiovascular,45,18266.99,6373.58,5285.3,0.3489
Provider_0296,OK,PANCREATIC DISORDERS,Digestive,45,11898.41,3502.87,2868.48,0.2944
Provider_0144,MO,STROKE,Neurological,27,12327.61,4987.02,4695.72,0.4045
Provider_0298,TX,SPINAL FUSION,Orthopedic,66,27725.8,7834.59,6813.04,0.2826
Provider_0022,GA,PULMONARY EDEMA,Respiratory,174,7922.0,2284.64,1872.6,0.2884
Provider_0012,LA,KIDNEY TRANSPLANT,Renal,24,11473.65,3507.3,3118.42,0.3057
Provider_0060,GA,CARDIAC ARRHYTHMIA,Cardiovascular,11,15023.37,4750.43,3820.19,0.3162
Provider_0194,TX,KNEE PROCEDURES,Orthopedic,164,31490.22,11609.74,10690.58,0.3687
Provider_0146,CT,DIGESTIVE MALIGNANCY,Digestive,113,15710.58,5499.31,4456.69,0.35
Provider_0022,AL,PULMONARY EDEMA,Respiratory,248,6905.97,2757.02,2615.64,0.3992
Provider_0018,AZ,DIGESTIVE MALIGNANCY,Digestive,286,13933.02,5220.57,4708.67,0.3747
Provider_0243,IL,PULMONARY EDEMA,Respiratory,179,8856.12,3625.7,3077.76,0.4094
Provider_0199,AZ,SPINAL FUSION,Orthopedic,166,27779.72,10364.83,9157.19,0.3731
Provider_0283,AZ,PERCUTANEOUS CARDIOVASCULAR PROC,Cardiovascular,319,18748.29,6559.2,5560.49,0.3499
Provider_0273,WI,TRANSIENT ISCHEMIA,Neurological,191,13103.23,3668.96,3327.09,0.28
Provider_0133,OK,CHRONIC OBSTRUCTIVE PULMONARY,Respiratory,21,8787.58,3560.87,3288.61,0.4052
Provider_0089,NC,HIP & FEMUR PROCEDURES,Orthopedic,105,25597.13,9342.93,8019.12,0.365
Provider_0054,GA,PERCUTANEOUS CARDIOVASCULAR PROC,Cardiovascular,27,15020.02,5950.35,5632.12,0.3962
Provider_0194,KY,PERCUTANEOUS CARDIOVASCULAR PROC,Cardiovascular,114,18172.54,5920.1,5007.59,0.3258
Provider_0204,CT,KIDNEY & URINARY TRACT INFECTIONS,Renal,152,13442.48,5153.72,4638.31,0.3834
Provider_0171,WI,DIGESTIVE MALIGNANCY,Digestive,205,11749.16,4925.9,4009.07,0.4193
Provider_0211,WA,STROKE,Neurological,50,18091.11,6628.49,6147.88,0.3664
Provider_0137,GA,CARDIAC ARRHYTHMIA,Cardiovascular,98,16224.34,5219.87,4393.44,0.3217
Provider_0154,WI,TRANSIENT ISCHEMIA,Neurological,23,15507.85,5524.02,4612.9,0.3562
Provider_0220,MI,RENAL FAILURE,Renal,98,10604.31,3561.81,3169.26,0.3359
Provider_0154,CA,BREAST PROCEDURES,Oncology,114,32835.65,10871.07,9742.05,0.3311
Provider_0269,IL,HIP & FEMUR PROCEDURES,Orthopedic,350,32470.14,12420.95,11658.5,0.3825
Provider_0122,LA,RENAL FAILURE,Renal,58,10397.63,3487.69,3185.79,0.3354
Provider_0026,NJ,SIMPLE PNEUMONIA & PLEURISY,Respiratory,44,10277.64,3718.82,3515.77,0.3618
Provider_0208,LA,CORONARY BYPASS,Cardiovascular,19,14221.13,4103.57,3590.2,0.2886
Provider_0047,AZ,SIMPLE PNEUMONIA & PLEURISY,Respiratory,257,9346.29,3906.87,3125.61,0.418
Provider_0210,CO,KNEE PROCEDURES,Orthopedic,70,32502.17,10988.8,9995.13,0.3381
Provider_0161,IN,CARDIAC ARRHYTHMIA,Cardiovascular,46,17120.4,5060.26,4707.18,0.2956
Provider_0001,CA,PERCUTANEOUS CARDIOVASCULAR PROC,Cardiovascular,31,26900.78,8318.7,6728.04,0.3092
Provider_0244,OH,STROKE,Neurological,22,13361.51,4216.85,3560.37,0.3156
Provider_0047,OR,TRANSIENT ISCHEMIA,Neurological,296,16313.71,5244.62,4308.56,0.3215
Provider_0132,OR,KNEE PROCEDURES,Orthopedic,124,31825.09,10332.88,8994.64,0.3247
Provider_0255,UT,CORONARY BYPASS,Cardiovascular,198,21069.47,6960.74,5889.11,0.3304
Provider_0200,OH,INTRACRANIAL HEMORRHAGE,Neurological,259,17847.44,5439.93,4941.14,0.3048
Provider_0229,AL,MAJOR JOINT REPLACEMENT - LOWER EXTREMITY,Orthopedic,75,28523.66,8028.53,7500.73,0.2815
Provider_0235,VA,RADIATION THERAPY,Oncology,60,26700.28,7524.33,6275.31,0.2818
Provider_0171,UT,CHRONIC OBSTRUCTIVE PULMONARY,Respiratory,133,8850.0,2545.61,2265.38,0.2876
Provider_0210,MO,SIMPLE PNEUMONIA & PLEURISY,Respiratory,293,9356.1,2877.6,2492.5,0.3076
Provider_0185,NY,SIMPLE PNEUMONIA & PLEURISY,Respiratory,18,11672.15,4796.7,4172.74,0.411
Provider_0265,CO,KNEE PROCEDURES,Orthopedic,251,29225.36,9881.61,7926.53,0.3381
Provider_0295,KY,CARDIAC CATHETERIZATION,Cardiovascular,121,17899.02,6323.3,5273.73,0.3533
Provider_0035,KY,CARDIAC CATHETERIZATION,Cardiovascular,11,14418.58,5535.6,4631.22,0.3839
Provider_0175,IL,CHRONIC OBSTRUCTIVE PULMONARY,Respiratory,96,10273.06,3426.99,3172.95,0.3336
Provider_0015,NY,CORONARY BYPASS,Cardiovascular,18,26481.5,9513.28,8863.57,0.3592
Provider_0208,OH,HEART FAILURE & SHOCK,Cardiovascular,289,18606.87,6385.26,5424.66,0.3432
Provider_0279,AZ,MAJOR JOINT REPLACEMENT - LOWER EXTREMITY,Orthopedic,19,26228.84,7810.22,6392.61,0.2978
Provider_0146,NJ,STROKE,Neurological,367,17277.98,5762.2,5089.23,0.3335
Provider_0220,OR,HEART FAILURE & SHOCK,Cardiovascular,16,19124.85,7405.83,6384.21,0.3872
Provider_0094,CA,HEART FAILURE & SHOCK,Cardiovascular,22,28791.91,10477.67,9527.33,0.3639
Provider_0175,WA,HEART FAILURE & SHOCK,Cardiovascular,16,23028.52,7117.88,6321.78,0.3091
Provider_0026,VA,CARDIAC ARRHYTHMIA,Cardiovascular,128,20347.93,8101.04,6875.66,0.3981
Provider_0151,AZ,LYMPHOMA & LEUKEMIA,Oncology,40,22428.11,7566.22,7163.19,0.3374
Provider_0028,AL,GI HEMORRHAGE,Digestive,209,9643.36,3687.8,3156.09,0.3824
Provider_0294,OR,HEART FAILURE & SHOCK,Cardiovascular,388,22998.66,8539.83,7420.65,0.3713
Provider_0046,WA,TRANSIENT ISCHEMIA,Neurological,689,16151.87,6049.91,5199.29,0.3746
Provider_0115,GA,CARDIAC CATHETERIZATION,Cardiovascular,78,15298.51,5159.76,4402.08,0.3373
Provider_0103,SC,HIP & FEMUR PROCEDURES,Orthopedic,116,29039.05,9553.25,7991.97,0.329
Provider_0050,SC,PULMONARY EDEMA,Respiratory,38,8789.58,2492.09,2126.31,0.2835
Provider_0296,TN,SPINAL FUSION,Orthopedic,58,27988.58,9452.76,7839.77,0.3377
Provider_0025,TN,HEART FAILURE & SHOCK,Cardiovascular,27,15251.76,5165.37,4596.64,0.3387
Provider_0168,KY,CORONARY BYPASS,Cardiovascular,50,17735.95,5025.53,4461.28,0.2834
Provider_0237,FL,CORONARY BYPASS,Cardiovascular,17,16734.45,6359.39,5432.49,0.38
Provider_0226,FL,KIDNEY & URINARY TRACT INFECTIONS,Renal,12,13680.8,4935.98,4608.23,0.3608
Provider_0236,CT,PANCREATIC DISORDERS,Digestive,123,14302.67,4516.84,3835.31,0.3158
Provider_0048,GA,CARDIAC ARRHYTHMIA,Cardiovascular,78,18090.39,6558.7,5313.24,0.3626
Provider_0015,NJ,CARDIAC ARRHYTHMIA,Cardiovascular,187,25348.95,9152.41,7341.99,0.3611
Provider_0069,NY,STROKE,Neurological,54,20007.48,6347.17,5394.57,0.3172
Provider_0189,SC,INTRACRANIAL HEMORRHAGE,Neurological,140,14357.29,5892.86,5595.52,0.4104
Provider_0298,NC,KIDNEY TRANSPLANT,Renal,41,11908.59,3761.53,3133.72,0.3159
Provider_0130,WA,CARDIAC CATHETERIZATION,Cardiovascular,144,20167.34,7787.13,7117.44,0.3861
Provider_0179,MN,HIP & FEMUR PROCEDURES,Orthopedic,126,34210.95,9980.07,8561.81,0.2917
Provider_0153,PA,DIGESTIVE MALIGNANCY,Digestive,29,12158.94,3497.22,2893.49,0.2876
Provider_0192,WA,KNEE PROCEDURES,Orthopedic,37,34492.4,11165.42,9648.26,0.3237
Provider_0015,PA,CORONARY BYPASS,Cardiovascular,10,19527.34,7986.91,7362.43,0.409
Provider_0144,LA,RESPIRATORY INFECTIONS,Respiratory,234,7156.5,2961.94,2536.9,0.4139
Provider_0191,MA,RESPIRATORY INFECTIONS,Respiratory,44,11242.88,4421.1,4117.47,0.3932
Provider_0134,WA,KIDNEY TRANSPLANT,Renal,194,12484.49,5089.36,4145.92,0.4077
Provider_0284,CT,RESPIRATORY INFECTIONS,Respiratory,93,12105.04,4254.68,3480.3,0.3515
Provider_0222,FL,CARDIAC CATHETERIZATION,Cardiovascular,27,23004.04,7500.13,6745.22,0.326
Provider_0157,OR,INFLAMMATORY BOWEL DISEASE,Digestive,51,14838.46,5823.42,5520.51,0.3925
Provider_0001,GA,TRANSIENT ISCHEMIA,Neurological,127,15296.27,4940.7,4589.67,0.323
Provider_0063,OR,PERCUTANEOUS CARDIOVASCULAR PROC,Cardiovascular,35,22516.43,8437.59,7555.07,0.3747
Provider_0175,NY,HIP & FEMUR PROCEDURES,Orthopedic,121,39643.53,15699.6,14513.25,0.396
Provider_0024,UT,SPINAL FUSION,Orthopedic,143,30630.84,10133.22,9443.07,0.3308
Provider_0050,WI,CARDIAC ARRHYTHMIA,Cardiovascular,53,17007.39,4930.92,4203.46,0.2899
Provider_0189,NY,CORONARY BYPASS,Cardiovascular,129,29035.93,8667.82,8205.29,0.2985
Provider_0098,UT,KIDNEY & URINARY TRACT INFECTIONS,Renal,456,10771.17,3554.56,3027.11,0.33
Provider_0209,MO,MAJOR JOINT REPLACEMENT - LOWER EXTREMITY,Orthopedic,14,22745.0,7692.83,6227.11,0.3382
Provider_0272,PA,TRANSIENT ISCHEMIA,Neurological,100,15967.24,5388.93,4972.06,0.3375
Provider_0081,MO,STROKE,Neurological,27,12925.25,3702.42,3478.88,0.2864
Provider_0197,OH,KIDNEY & URINARY TRACT INFECTIONS,Renal,314,10678.31,3071.75,2551.51,0.2877
Provider_0157,MI,HEART FAILURE & SHOCK,Cardiovascular,106,18902.41,6037.33,5574.48,0.3194
Provider_0260,IL,DIGESTIVE MALIGNANCY,Digestive,164,15793.11,5374.0,4395.24,0.3403
Provider_0188,CT,RESPIRATORY INFECTIONS,Respiratory,173,12362.07,3867.22,3528.48,0.3128
Provider_0018,IL,CARDIAC ARRHYTHMIA,Cardiovascular,16,18475.76,5273.98,4529.15,0.2855
Provider_0182,MN,SIMPLE PNEUMONIA & PLEURISY,Respiratory,149,11034.88,4445.33,4071.82,0.4028
Provider_0296,MD,CARDIAC ARRHYTHMIA,Cardiovascular,84,25405.04,8832.13,8373.16,0.3477
Provider_0009,IL,HEART FAILURE & SHOCK,Cardiovascular,271,19948.82,7995.67,6716.85,0.4008
Provider_0065,OR,CHRONIC OBSTRUCTIVE PULMONARY,Respiratory,42,11252.38,3682.08,3402.71,0.3272
Provider_0022,MN,CORONARY BYPASS,Cardiovascular,77,16941.94,5274.86,4507.32,0.3113
Provider_0247,NJ,KIDNEY & URINARY TRACT INFECTIONS,Renal,170,14614.54,5810.74,4944.35,0.3976
Provider_0057,KY,CHRONIC OBSTRUCTIVE PULMONARY,Respiratory,144,9175.54,3745.57,3399.82,0.4082
Provider_0179,VA,CARDIAC ARRHYTHMIA,Cardiovascular,35,21497.57,7658.47,6216.22,0.3562
Provider_0065,CA,CARDIAC CATHETERIZATION,Cardiovascular,27,24397.8,8480.66,7054.57,0.3476
Provider_0108,NY,RADIATION THERAPY,Oncology,11,34836.14,14537.51,12951.31,0.4173
Provider_0010,MA,KIDNEY & URINARY TRACT INFECTIONS,Renal,69,14880.5,4499.61,4066.24,0.3024
Provider_0239,MO,SIMPLE PNEUMONIA & PLEURISY,Respiratory,222,8838.27,2983.52,2683.69,0.3376
Provider_0044,CO,HIP & FEMUR PROCEDURES,Orthopedic,66,32030.33,9147.02,7693.54,0.2856
Provider_0130,OR,RESPIRATORY INFECTIONS,Respiratory,154,11370.39,3368.08,3051.12,0.2962
Provider_0067,SC,KIDNEY TRANSPLANT,Renal,126,9846.59,3416.2,3126.49,0.3469
Provider_0082,SC,STROKE,Neurological,343,15459.53,6249.45,5585.85,0.4042
Provider_0090,NJ,HEART FAILURE & SHOCK,Cardiovascular,109,24998.22,10241.35,9144.25,0.4097
Provider_0170,TX,STROKE,Neurological,67,14788.85,4548.11,3800.5,0.3075
Provider_0187,MD,TRANSIENT ISCHEMIA,Neurological,115,18304.08,7070.93,6412.63,0.3863
Provider_0278,MO,HIP & FEMUR PROCEDURES,Orthopedic,23,29538.69,9688.99,8745.09,0.328
Provider_0120,KY,CHRONIC OBSTRUCTIVE PULMONARY,Respiratory,165,7818.86,2284.59,1896.95,0.2922
Provider_0273,CA,CARDIAC CATHETERIZATION,Cardiovascular,236,24033.79,7555.67,6965.19,0.3144
Provider_0152,CO,SPINAL FUSION,Orthopedic,37,35727.45,12738.08,11880.45,0.3565
Provider_0014,MI,SPINAL FUSION,Orthopedic,166,27289.42,9930.96,8244.58,0.3639
Provider_0265,IN,PERCUTANEOUS CARDIOVASCULAR PROC,Cardiovascular,374,18353.03,6673.9,6220.97,0.3636
Provider_0154,WA,RESPIRATORY INFECTIONS,Respiratory,39,12478.53,3646.17,3183.5,0.2922
Provider_0273,KY,SIMPLE PNEUMONIA & PLEURISY,Respiratory,80,8179.55,2692.96,2521.77,0.3292
Provider_0200,VA,DIGESTIVE MALIGNANCY,Digestive,54,13907.74,5444.63,5035.96,0.3915
Provider_0129,WI,GI HEMORRHAGE,Digestive,127,13048.54,5124.34,4749.01,0.3927
Provider_0071,IN,CARDIAC ARRHYTHMIA,Cardiovascular,115,16766.53,6148.09,5361.41,0.3667
Provider_0063,NC,CARDIAC ARRHYTHMIA,Cardiovascular,37,15939.31,6133.53,5350.83,0.3848
Provider_0218,FL,LYMPHOMA & LEUKEMIA,Oncology,70,25294.97,9935.47,8394.98,0.3928
Provider_0066,VA,SPINAL FUSION,Orthopedic,44,29586.82,8795.66,7308.28,0.2973
Provider_0276,MI,RADIATION THERAPY,Oncology,58,22118.96,6621.79,6030.63,0.2994
Provider_0162,OR,RADIATION THERAPY,Oncology,167,27089.75,11284.44,9998.4,0.4166
Provider_0246,VA,SEIZURES,Neurological,92,14371.02,4241.49,3928.96,0.2951
Provider_0107,UT,PULMONARY EDEMA,Respiratory,86,10341.82,3387.99,3152.34,0.3276
Provider_0181,PA,PANCREATIC DISORDERS,Digestive,146,11918.87,4718.38,4298.35,0.3959
Provider_0267,PA,CORONARY BYPASS,Cardiovascular,36,17465.7,4991.86,4234.65,0.2858
Provider_0119,IL,KIDNEY & URINARY TRACT INFECTIONS,Renal,78,14581.85,5551.23,5215.52,0.3807
Provider_0268,AZ,SPINAL FUSION,Orthopedic,165,25738.43,8297.78,7300.97,0.3224
Provider_0019,OH,STROKE,Neurological,157,16486.83,6689.86,5936.6,0.4058
Provider_0140,TX,CARDIAC ARRHYTHMIA,Cardiovascular,117,18160.72,6780.05,6058.02,0.3733
Provider_0008,NC,SPINAL FUSION,Orthopedic,58,26867.02,8265.85,7611.0,0.3077
Provider_0236,NY,PERCUTANEOUS CARDIOVASCULAR PROC,Cardiovascular,94,28969.93,11153.23,10269.54,0.385
Provider_0246,MO,PERCUTANEOUS CARDIOVASCULAR PROC,Cardiovascular,317,16803.1,5476.19,4986.46,0.3259
Provider_0294,CT,KNEE PROCEDURES,Orthopedic,239,30251.44,8680.73,7756.47,0.287
Provider_0289,AL,PULMONARY EDEMA,Respiratory,441,7889.47,2887.44,2412.43,0.366
Provider_0110,OR,INFLAMMATORY BOWEL DISEASE,Digestive,23,15089.12,4731.57,3923.62,0.3136
Provider_0232,LA,INFLAMMATORY BOWEL DISEASE,Digestive,486,10577.69,4134.51,3557.11,0.3909
Provider_0229,UT,RESPIRATORY INFECTIONS,Respiratory,15,9029.38,3595.13,3017.61,0.3982
Provider_0030,TX,INTRACRANIAL HEMORRHAGE,Neurological,113,17321.99,5656.32,4792.77,0.3265
Provider_0013,VA,PERCUTANEOUS CARDIOVASCULAR PROC,Cardiovascular,610,21810.5,7831.05,6871.7,0.359
Provider_0208,GA,SPINAL FUSION,Orthopedic,129,26852.1,9330.63,8525.09,0.3475
Provider_0182,CA,CARDIAC ARRHYTHMIA,Cardiovascular,16,24785.32,10107.26,9011.17,0.4078
Provider_0108,WA,RESPIRATORY INFECTIONS,Respiratory,239,11293.84,3976.16,3240.32,0.3521
Provider_0088,OK,MAJOR JOINT REPLACEMENT - LOWER EXTREMITY,Orthopedic,120,21139.84,7940.88,7463.52,0.3756
Provider_0169,VA,PERCUTANEOUS CARDIOVASCULAR PROC,Cardiovascular,204,17127.33,6084.1,5042.46,0.3552
Provider_0255,CO,RESPIRATORY INFECTIONS,Respiratory,37,12089.72,4672.15,4211.75,0.3865
Provider_0151,MA,CARDIAC CATHETERIZATION,Cardiovascular,66,21602.01,8152.84,7676.97,0.3774
Provider_0144,CT,MAJOR JOINT REPLACEMENT - LOWER EXTREMITY,Orthopedic,29,41812.02,12931.35,10597.93,0.3093
Provider_0090,UT,INFLAMMATORY BOWEL DISEASE,Digestive,228,13596.0,4411.99,3535.4,0.3245
Provider_0099,PA,SIMPLE PNEUMONIA & PLEURISY,Respiratory,20,9813.14,4002.31,3434.76,0.4079
Provider_0042,PA,CHEMOTHERAPY,Oncology,177,27245.69,10209.68,8724.28,0.3747
Provider_0171,IL,SIMPLE PNEUMONIA & PLEURISY,Respiratory,39,10781.71,4413.09,4190.8,0.4093
Provider_0292,LA,CARDIAC CATHETERIZATION,Cardiovascular,71,14638.81,4515.9,4259.32,0.3085
Provider_0063,LA,SPINAL FUSION,Orthopedic,204,24410.81,9806.67,8111.08,0.4017
Provider_0028,LA,SIMPLE PNEUMONIA & PLEURISY,Respiratory,117,7996.23,2388.22,1997.46,0.2987
Provider_0251,MI,BREAST PROCEDURES,Oncology,52,22799.22,6920.08,5904.35,0.3035
Provider_0150,OR,RENAL FAILURE,Renal,268,10927.63,3974.3,3575.72,0.3637
Provider_0239,NY,DIGESTIVE MALIGNANCY,Digestive,115,15787.71,6484.91,5315.41,0.4108
Provider_0185,MA,RADIATION THERAPY,Oncology,96,32886.92,11357.92,9699.19,0.3454
Provider_0214,MA,PANCREATIC DISORDERS,Digestive,83,15854.09,5296.01,5004.76,0.334
Provider_0196,IN,HEART FAILURE & SHOCK,Cardiovascular,699,16550.07,4891.56,3935.56,0.2956
Provider_0145,VA,CARDIAC CATHETERIZATION,Cardiovascular,17,21507.18,6959.58,5987.01,0.3236
Provider_0019,MO,KIDNEY TRANSPLANT,Renal,53,9183.54,2737.34,2312.17,0.2981
Provider_0266,WA,HEART FAILURE & SHOCK,Cardiovascular,31,20875.43,8592.11,7315.78,0.4116
Provider_0179,MI,RESPIRATORY INFECTIONS,Respiratory,276,9282.12,3521.21,3336.55,0.3794
Provider_0145,CO,PERCUTANEOUS CARDIOVASCULAR PROC,Cardiovascular,400,22202.17,8597.16,6979.88,0.3872
Provider_0161,PA,PERCUTANEOUS CARDIOVASCULAR PROC,Cardiovascular,121,18898.55,5363.31,4920.97,0.2838
Provider_0095,WA,DIGESTIVE MALIGNANCY,Digestive,110,16231.64,6787.04,5685.03,0.4181
Provider_0182,IL,KIDNEY TRANSPLANT,Renal,59,13124.18,5377.86,5078.36,0.4098
Provider_0193,LA,BREAST PROCEDURES,Oncology,86,18441.68,7621.95,7039.23,0.4133
Provider_0055,WA,CARDIAC CATHETERIZATION,Cardiovascular,69,21743.49,8310.37,7094.26,0.3822
Provider_0087,WI,SIMPLE PNEUMONIA & PLEURISY,Respiratory,254,8954.76,3401.05,2921.29,0.3798
Provider_0276,NC,CARDIAC ARRHYTHMIA,Cardiovascular,342,18211.39,6552.92,5842.12,0.3598
Provider_0246,NC,CARDIAC ARRHYTHMIA,Cardiovascular,81,18288.75,6998.05,6643.34,0.3826
Provider_0196,OR,PERCUTANEOUS CARDIOVASCULAR PROC,Cardiovascular,22,17216.05,5131.95,4150.01,0.2981
Provider_0268,AL,PERCUTANEOUS CARDIOVASCULAR PROC,Cardiovascular,104,16726.57,5889.81,5586.74,0.3521
Provider_0265,MO,PULMONARY EDEMA,Respiratory,213,7000.66,2838.08,2282.79,0.4054
Provider_0213,MA,PERCUTANEOUS CARDIOVASCULAR PROC,Cardiovascular,199,24611.44,8069.84,7436.33,0.3279
Provider_0146,IN,GI HEMORRHAGE,Digestive,46,9419.11,3492.25,3061.53,0.3708
Provider_0072,TN,RADIATION THERAPY,Oncology,157,21364.62,8591.84,7188.13,0.4022
Provider_0201,MN,CHEMOTHERAPY,Oncology,65,20964.81,7214.12,6198.17,0.3441
Provider_0204,AZ,CORONARY BYPASS,Cardiovascular,390,17365.88,5708.64,5333.77,0.3287
Provider_0088,TX,SPINAL FUSION,Orthopedic,47,27468.54,8576.91,6998.43,0.3122
Provider_0146,LA,SIMPLE PNEUMONIA & PLEURISY,Respiratory,15,9254.92,3512.82,2813.84,0.3796
Provider_0252,TX,SPINAL FUSION,Orthopedic,132,34656.66,11669.42,9340.28,0.3367
Provider_0044,OR,CARDIAC ARRHYTHMIA,Cardiovascular,17,20961.27,8039.51,6686.03,0.3835
Provider_0051,MA,CARDIAC ARRHYTHMIA,Cardiovascular,74,22426.19,9223.79,8315.91,0.4113
Provider_0231,FL,CARDIAC CATHETERIZATION,Cardiovascular,61,20744.08,7390.54,6051.72,0.3563
Provider_0024,AL,CORONARY BYPASS,Cardiovascular,73,16775.09,5207.72,4452.61,0.3104
Provider_0291,IL,RADIATION THERAPY,Oncology,75,24776.47,7989.41,7250.32,0.3225
Provider_0232,AL,KNEE PROCEDURES,Orthopedic,21,26449.2,7452.42,6682.38,0.2818
Provider_0022,IN,HEART FAILURE & SHOCK,Cardiovascular,604,18583.65,5790.99,4785.7,0.3116
Provider_0039,MA,CORONARY BYPASS,Cardiovascular,51,23545.41,8989.23,8125.71,0.3818
Provider_0128,WA,CARDIAC CATHETERIZATION,Cardiovascular,110,22377.98,7700.6,6618.8,0.3441
Provider_0116,WA,CARDIAC CATHETERIZATION,Cardiovascular,97,23819.95,7250.36,6395.05,0.3044
Provider_0020,TX,HIP & FEMUR PROCEDURES,Orthopedic,41,31483.78,10182.89,8423.94,0.3234
Provider_0091,LA,HEART FAILURE & SHOCK,Cardiovascular,106,14944.09,5136.44,4235.17,0.3437
Provider_0072,AZ,GI HEMORRHAGE,Digestive,286,13224.49,4514.98,3638.24,0.3414
Provider_0293,PA,DIGESTIVE MALIGNANCY,Digestive,83,13041.6,3714.41,3327.54,0.2848
Provider_0225,UT,KNEE PROCEDURES,Orthopedic,104,25107.48,9461.25,8697.27,0.3768
Provider_0092,TN,CORONARY BYPASS,Cardiovascular,90,16742.19,6251.05,5251.33,0.3734
Provider_0128,CO,PERCUTANEOUS CARDIOVASCULAR PROC,Cardiovascular,128,18140.39,5364.76,4331.49,0.2957
Provider_0224,OH,CARDIAC CATHETERIZATION,Cardiovascular,27,17736.19,7005.08,6622.77,0.395
Provider_0260,KY,HIP & FEMUR PROCEDURES,Orthopedic,169,23581.41,8712.74,7415.8,0.3695
Provider_0021,UT,PULMONARY EDEMA,Respiratory,120,9710.79,4076.09,3306.7,0.4197
Provider_0099,OH,CHEMOTHERAPY,Oncology,12,19406.69,7283.98,6787.93,0.3753
Provider_0210,FL,INTRACRANIAL HEMORRHAGE,Neurological,185,18032.68,6534.52,5436.07,0.3624
Provider_0010,UT,INFLAMMATORY BOWEL DISEASE,Digestive,219,13804.99,4761.44,4369.29,0.3449
Provider_0218,MO,CHRONIC OBSTRUCTIVE PULMONARY,Respiratory,331,7931.04,3235.41,3064.44,0.4079
Provider_0123,CT,GI HEMORRHAGE,Digestive,160,14157.75,4589.85,3758.11,0.3242
Provider_0235,TN,CARDIAC CATHETERIZATION,Cardiovascular,28,17828.22,7419.95,7030.1,0.4162
Provider_0264,CO,KIDNEY TRANSPLANT,Renal,216,11835.71,4012.09,3714.5,0.339
Provider_0248,CA,KNEE PROCEDURES,Orthopedic,58,35493.85,13074.05,10508.24,0.3683
Provider_0154,WI,SPINAL FUSION,Orthopedic,79,26612.36,9487.49,7720.0,0.3565
Provider_0232,MI,TRANSIENT ISCHEMIA,Neurological,254,14019.47,4712.79,4440.25,0.3362
Provider_0249,CT,PERCUTANEOUS CARDIOVASCULAR PROC,Cardiovascular,23,20722.47,8698.56,7665.21,0.4198
Provider_0221,OR,CHRONIC OBSTRUCTIVE PULMONARY,Respiratory,79,9317.3,3702.47,3359.41,0.3974
Provider_0129,PA,RENAL FAILURE,Renal,62,10327.3,3079.39,2775.86,0.2982
Provider_0053,SC,TRANSIENT ISCHEMIA,Neurological,60,12738.0,4640.65,3936.89,0.3643
Provider_0212,TX,CARDIAC ARRHYTHMIA,Cardiovascular,225,17219.56,6623.55,6144.19,0.3847
Provider_0046,CA,CORONARY BYPASS,Cardiovascular,390,20939.27,7562.66,6239.01,0.3612
Provider_0024,SC,PERCUTANEOUS CARDIOVASCULAR PROC,Cardiovascular,15,16144.94,4553.69,4272.14,0.2821
Provider_0267,OK,CORONARY BYPASS,Cardiovascular,134,14419.74,4353.99,3929.54,0.3019
Provider_0103,CA,PANCREATIC DISORDERS,Digestive,301,19031.84,5769.67,4617.75,0.3032
Provider_0161,NC,RESPIRATORY INFECTIONS,Respiratory,224,8455.64,2674.14,2491.79,0.3163
Provider_0164,PA,CHEMOTHERAPY,Oncology,295,20999.34,8726.61,7574.11,0.4156
Provider_0217,OK,KNEE PROCEDURES,Orthopedic,35,23027.88,6747.69,5543.76,0.293
Provider_0181,TN,MAJOR JOINT REPLACEMENT - LOWER EXTREMITY,Orthopedic,23,25155.11,8636.54,7859.65,0.3433
Provider_0066,NY,PERCUTANEOUS CARDIOVASCULAR PROC,Cardiovascular,42,22874.72,6804.0,5816.63,0.2974
Provider_0188,CO,PERCUTANEOUS CARDIOVASCULAR PROC,Cardiovascular,128,19522.9,5573.03,4839.25,0.2855
Provider_0099,MD,RENAL FAILURE,Renal,60,11866.29,3333.93,2900.69,0.281
Provider_0082,KY,INTRACRANIAL HEMORRHAGE,Neurological,271,12632.55,3932.59,3651.66,0.3113
Provider_0106,TN,MAJOR JOINT REPLACEMENT - LOWER EXTREMITY,Orthopedic,77,25281.09,8177.22,7476.59,0.3235
Provider_0009,MI,LYMPHOMA & LEUKEMIA,Oncology,259,24865.79,7842.6,6353.23,0.3154
Provider_0260,UT,KIDNEY & URINARY TRACT INFECTIONS,Renal,31,10695.66,3467.54,3185.65,0.3242
Provider_0062,MO,MAJOR JOINT REPLACEMENT - LOWER EXTREMITY,Orthopedic,217,23754.01,8820.32,7592.35,0.3713
Provider_0196,MI,CARDIAC CATHETERIZATION,Cardiovascular,113,21470.4,6544.8,5242.76,0.3048
Provider_0069,SC,TRANSIENT ISCHEMIA,Neurological,42,11607.91,4501.58,4026.78,0.3878
Provider_0185,WA,BREAST PROCEDURES,Oncology,169,27260.82,8446.72,7747.84,0.3098
Provider_0231,CT,CARDIAC ARRHYTHMIA,Cardiovascular,71,22424.07,7894.14,7154.81,0.352
Provider_0047,VA,HEART FAILURE & SHOCK,Cardiovascular,12,17015.06,6331.52,5756.12,0.3721
Provider_0171,TX,CARDIAC CATHETERIZATION,Cardiovascular,232,19919.99,7553.7,6872.21,0.3792
Provider_0026,LA,GI HEMORRHAGE,Digestive,18,10195.07,3617.94,3435.0,0.3549
Provider_0011,LA,DIGESTIVE MALIGNANCY,Digestive,60,10300.14,4168.91,3843.91,0.4047
Provider_0187,OH,RENAL FAILURE,Renal,28,9710.2,2741.52,2552.44,0.2823
Provider_0276,UT,CARDIAC CATHETERIZATION,Cardiovascular,56,18488.08,5597.3,5283.63,0.3028
Provider_0026,GA,KIDNEY & URINARY TRACT INFECTIONS,Renal,60,8952.36,3371.2,3175.07,0.3766
Provider_0229,OR,KNEE PROCEDURES,Orthopedic,36,34270.87,13177.11,10829.31,0.3845
Provider_0220,MD,PULMONARY EDEMA,Respiratory,211,11214.2,3470.87,2899.94,0.3095
Provider_0235,CO,RENAL FAILURE,Renal,119,14024.11,3984.02,3510.66,0.2841
Provider_0134,MO,CARDIAC ARRHYTHMIA,Cardiovascular,63,19631.03,6816.4,5949.92,0.3472
Provider_0247,AZ,RENAL FAILURE,Renal,162,11955.22,4171.55,3457.58,0.3489
Provider_0104,UT,CARDIAC ARRHYTHMIA,Cardiovascular,101,19278.73,6863.45,5623.96,0.356
Provider_0269,MO,LYMPHOMA & LEUKEMIA,Oncology,81,22468.34,6984.64,5760.13,0.3109
Provider_0247,TX,GI HEMORRHAGE,Digestive,26,12985.09,3687.14,3422.68,0.284
Provider_0139,TN,INTRACRANIAL HEMORRHAGE,Neurological,23,16038.58,4883.26,4381.29,0.3045
Provider_0297,LA,DIGESTIVE MALIGNANCY,Digestive,442,8891.79,3003.42,2448.0,0.3378
Provider_0143,TX,CORONARY BYPASS,Cardiovascular,101,23732.24,9304.82,8624.14,0.3921
Provider_0258,OK,HEART FAILURE & SHOCK,Cardiovascular,12,17922.55,7441.18,6334.2,0.4152
Provider_0294,AL,CORONARY BYPASS,Cardiovascular,72,18254.3,6772.63,6171.92,0.371
Provider_0028,SC,HEART FAILURE & SHOCK,Cardiovascular,71,18715.02,6305.18,5774.13,0.3369
Provider_0248,WA,INTRACRANIAL HEMORRHAGE,Neurological,20,21199.91,8386.15,7704.33,0.3956
Provider_0216,AZ,GI HEMORRHAGE,Digestive,29,14576.23,4454.57,3942.81,0.3056
Provider_0130,CA,CHRONIC OBSTRUCTIVE PULMONARY,Respiratory,12,14411.46,4125.17,3388.66,0.2862
Provider_0020,GA,HIP & FEMUR PROCEDURES,Orthopedic,16,28190.03,9241.66,8714.86,0.3278
Provider_0225,CT,CARDIAC ARRHYTHMIA,Cardiovascular,26,25153.65,7783.22,6604.19,0.3094
Provider_0094,CA,CARDIAC CATHETERIZATION,Cardiovascular,38,25824.16,7533.7,6753.65,0.2917
Provider_0069,PA,INTRACRANIAL HEMORRHAGE,Neurological,45,17817.86,7029.06,6655.41,0.3945
Provider_0205,AL,DIGESTIVE MALIGNANCY,Digestive,27,10622.49,3786.65,3080.14,0.3565
Provider_0137,WA,HEART FAILURE & SHOCK,Cardiovascular,22,19045.85,6033.29,5618.29,0.3168
Provider_0214,GA,INFLAMMATORY BOWEL DISEASE,Digestive,124,13523.71,5496.06,4971.26,0.4064
Provider_0016,TN,INFLAMMATORY BOWEL DISEASE,Digestive,204,10635.7,3600.22,2904.22,0.3385
Provider_0277,FL,CARDIAC ARRHYTHMIA,Cardiovascular,82,22329.01,8069.37,6551.03,0.3614
Provider_0077,IN,HIP & FEMUR PROCEDURES,Orthopedic,370,26725.77,8958.12,8306.24,0.3352
Provider_0017,MO,SPINAL FUSION,Orthopedic,16,26600.25,9637.44,9060.94,0.3623
Provider_0011,MD,CORONARY BYPASS,Cardiovascular,121,21977.38,7868.82,7449.8,0.358
Provider_0016,OR,DIGESTIVE MALIGNANCY,Digestive,84,12638.75,3601.06,3055.4,0.2849
Provider_0297,GA,CORONARY BYPASS,Cardiovascular,81,20313.62,6760.96,5670.65,0.3328
Provider_0103,IL,KNEE PROCEDURES,Orthopedic,167,27497.01,10255.41,8569.77,0.373
Provider_0182,CA,DIGESTIVE MALIGNANCY,Digestive,37,17977.11,5165.17,4792.66,0.2873
Provider_0232,OH,CHRONIC OBSTRUCTIVE PULMONARY,Respiratory,77,8245.3,2633.98,2212.88,0.3195
Provider_0037,NY,CARDIAC CATHETERIZATION,Cardiovascular,115,27900.58,9068.1,7301.61,0.325
Provider_0053,KY,HIP & FEMUR PROCEDURES,Orthopedic,552,23493.74,8788.73,7099.57,0.3741
Provider_0015,OK,CORONARY BYPASS,Cardiovascular,204,17420.47,6120.88,5172.21,0.3514
Provider_0244,NJ,RESPIRATORY INFECTIONS,Respiratory,264,10578.23,3426.15,3059.84,0.3239
Provider_0123,NY,SEIZURES,Neurological,131,23743.42,8198.42,7003.5,0.3453
Provider_0191,GA,KIDNEY & URINARY TRACT INFECTIONS,Renal,179,9230.87,2620.15,2254.75,0.2838
Provider_0171,VA,MAJOR JOINT REPLACEMENT - LOWER EXTREMITY,Orthopedic,164,30190.09,11327.2,9406.46,0.3752
Provider_0260,MA,CARDIAC CATHETERIZATION,Cardiovascular,30,22356.63,7039.14,6024.42,0.3149
Provider_0243,OK,MAJOR JOINT REPLACEMENT - LOWER EXTREMITY,Orthopedic,37,25242.62,9363.4,7915.75,0.3709
Provider_0012,IN,CORONARY BYPASS,Cardiovascular,30,19208.7,5405.36,5039.75,0.2814
Provider_0158,WA,RESPIRATORY INFECTIONS,Respiratory,118,9974.25,2955.23,2794.23,0.2963
Provider_0290,IN,CORONARY BYPASS,Cardiovascular,21,15564.59,4559.68,3716.78,0.293
Provider_0156,GA,RADIATION THERAPY,Oncology,132,18798.2,7686.36,6257.04,0.4089
Provider_0042,GA,PANCREATIC DISORDERS,Digestive,279,11771.63,3728.94,3412.33,0.3168
Provider_0100,OK,SPINAL FUSION,Orthopedic,71,20899.72,7304.71,5978.89,0.3495
Provider_0226,PA,CARDIAC ARRHYTHMIA,Cardiovascular,29,18489.74,6143.57,5054.39,0.3323
Provider_0132,OH,INFLAMMATORY BOWEL DISEASE,Digestive,208,11792.99,3380.01,2793.46,0.2866
Provider_0250,MI,INFLAMMATORY BOWEL DISEASE,Digestive,93,12517.22,3511.76,3073.4,0.2806
Provider_0290,WI,PERCUTANEOUS CARDIOVASCULAR PROC,Cardiovascular,136,20345.76,8243.21,7731.87,0.4052
Provider_0078,MI,DIGESTIVE MALIGNANCY,Digestive,179,13003.17,3944.52,3627.43,0.3034
Provider_0147,VA,HIP & FEMUR PROCEDURES,Orthopedic,32,28462.64,8041.59,6916.16,0.2825
Provider_0105,OK,INTRACRANIAL HEMORRHAGE,Neurological,571,14950.95,5176.3,4544.54,0.3462
Provider_0222,MO,RENAL FAILURE,Renal,16,11533.97,3780.06,3534.08,0.3277
Provider_0246,TX,CHEMOTHERAPY,Oncology,82,27647.03,11463.17,10503.27,0.4146
Provider_0235,OK,SEIZURES,Neurological,36,14698.31,5273.34,4821.56,0.3588
Provider_0087,WI,CARDIAC CATHETERIZATION,Cardiovascular,22,18299.96,5342.13,4516.46,0.2919
Provider_0152,FL,RADIATION THERAPY,Oncology,56,27415.1,11058.57,9427.74,0.4034
Provider_0136,TX,RESPIRATORY INFECTIONS,Respiratory,155,8490.19,3127.5,2578.76,0.3684
Provider_0175,MN,KNEE PROCEDURES,Orthopedic,64,31270.62,12296.61,10504.56,0.3932
Provider_0186,AZ,TRANSIENT ISCHEMIA,Neurological,55,14982.87,4603.11,4070.5,0.3072
Provider_0010,CO,CORONARY BYPASS,Cardiovascular,95,21548.96,7118.04,5781.42,0.3303
Provider_0118,NC,RADIATION THERAPY,Oncology,147,23631.73,7402.59,7009.06,0.3132
Provider_0253,NY,SPINAL FUSION,Orthopedic,21,35044.69,11845.83,10831.43,0.338
Provider_0080,UT,INTRACRANIAL HEMORRHAGE,Neurological,134,16167.6,6393.19,5515.13,0.3954
Provider_0007,OH,RESPIRATORY INFECTIONS,Respiratory,153,8494.99,3567.11,2947.5,0.4199
Provider_0292,OR,SPINAL FUSION,Orthopedic,81,31004.05,12826.48,12030.53,0.4137
Provider_0143,LA,MAJOR JOINT REPLACEMENT - LOWER EXTREMITY,Orthopedic,103,26072.47,8238.07,7580.01,0.316
Provider_0270,GA,KNEE PROCEDURES,Orthopedic,307,28339.85,8699.68,7751.05,0.307
Provider_0141,OR,HIP & FEMUR PROCEDURES,Orthopedic,172,35101.64,14584.77,13614.52,0.4155
Provider_0109,OK,INTRACRANIAL HEMORRHAGE,Neurological,43,13040.16,4798.66,4240.03,0.368
Provider_0298,OH,CHRONIC OBSTRUCTIVE PULMONARY,Respiratory,76,9693.52,3701.15,3312.77,0.3818
Provider_0064,VA,CHRONIC OBSTRUCTIVE PULMONARY,Respiratory,236,9499.86,3881.88,3361.92,0.4086
Provider_0166,OR,GI HEMORRHAGE,Digestive,257,11496.1,4649.07,3948.74,0.4044
Provider_0079,IL,MAJOR JOINT REPLACEMENT - LOWER EXTREMITY,Orthopedic,175,28942.06,8935.3,7402.26,0.3087
Provider_0122,NC,PULMONARY EDEMA,Respiratory,68,9796.21,3787.91,3317.33,0.3867
Provider_0144,VA,HIP & FEMUR PROCEDURES,Orthopedic,59,31027.64,9134.74,8308.23,0.2944
Provider_0092,GA,GI HEMORRHAGE,Digestive,117,12568.58,5175.48,4824.82,0.4118
Provider_0278,IL,MAJOR JOINT REPLACEMENT - LOWER EXTREMITY,Orthopedic,67,37131.74,14941.21,13539.59,0.4024
Provider_0161,GA,PANCREATIC DISORDERS,Digestive,36,10264.57,4310.36,3850.68,0.4199
Provider_0135,OR,SPINAL FUSION,Orthopedic,16,27200.66,7741.31,6772.68,0.2846
Provider_0158,MN,INTRACRANIAL HEMORRHAGE,Neurological,41,17655.09,7370.39,6660.37,0.4175
Provider_0177,IN,RADIATION THERAPY,Oncology,210,17596.17,6252.57,5068.22,0.3553
Provider_0290,NY,INFLAMMATORY BOWEL DISEASE,Digestive,218,18087.42,7518.07,6819.6,0.4157
Provider_0181,NY,KNEE PROCEDURES,Orthopedic,103,43604.71,16650.84,14893.86,0.3819
Provider_0295,MD,HIP & FEMUR PROCEDURES,Orthopedic,36,33765.75,13947.63,11960.67,0.4131
Provider_0293,IN,SIMPLE PNEUMONIA & PLEURISY,Respiratory,52,8228.55,2554.78,2414.02,0.3105
Provider_0280,WI,SIMPLE PNEUMONIA & PLEURISY,Respiratory,28,9115.56,3781.26,3369.68,0.4148
Provider_0229,NJ,CORONARY BYPASS,Cardiovascular,207,25805.16,10531.59,9775.18,0.4081
Provider_0031,OH,HEART FAILURE & SHOCK,Cardiovascular,234,20334.22,7141.11,5962.37,0.3512
Provider_0016,TX,HEART FAILURE & SHOCK,Cardiovascular,30,18393.86,5695.69,5233.66,0.3097
Provider_0229,OH,HEART FAILURE & SHOCK,Cardiovascular,167,19933.42,5804.66,4956.72,0.2912
Provider_0157,TX,CORONARY BYPASS,Cardiovascular,322,16893.05,4908.41,4111.05,0.2906
Provider_0286,NJ,HIP & FEMUR PROCEDURES,Orthopedic,127,42638.64,15275.44,12991.14,0.3583
Provider_0052,OH,LYMPHOMA & LEUKEMIA,Oncology,108,22571.43,6776.42,5870.48,0.3002
Provider_0145,FL,GI HEMORRHAGE,Digestive,50,13528.81,3791.1,3193.94,0.2802
Provider_0205,MN,SEIZURES,Neurological,113,14647.95,4831.88,4370.68,0.3299
Provider_0149,MN,SIMPLE PNEUMONIA & PLEURISY,Respiratory,175,10132.3,3478.72,2871.38,0.3433
Provider_0275,AZ,INFLAMMATORY BOWEL DISEASE,Digestive,17,12133.57,4969.69,4350.74,0.4096
Provider_0289,CA,RENAL FAILURE,Renal,20,16100.43,5432.97,4729.97,0.3374
Provider_0094,PA,CORONARY BYPASS,Cardiovascular,62,17237.28,6503.91,5804.33,0.3773
Provider_0057,FL,CHRONIC OBSTRUCTIVE PULMONARY,Respiratory,13,10878.5,4419.58,3831.57,0.4063
Provider_0216,SC,RESPIRATORY INFECTIONS,Respiratory,98,8047.93,2544.55,2348.09,0.3162
Provider_0022,VA,RESPIRATORY INFECTIONS,Respiratory,20,10035.01,2890.01,2603.68,0.288
Provider_0246,NC,CARDIAC CATHETERIZATION,Cardiovascular,75,15405.94,4973.01,4369.66,0.3228
Provider_0039,FL,KNEE PROCEDURES,Orthopedic,442,28729.35,8330.23,7096.1,0.29
Provider_0201,OH,KNEE PROCEDURES,Orthopedic,105,32911.96,13582.79,11007.44,0.4127
Provider_0056,SC,CHRONIC OBSTRUCTIVE PULMONARY,Respiratory,81,8828.62,3453.57,3019.07,0.3912
Provider_0082,NJ,KNEE PROCEDURES,Orthopedic,164,32841.78,13298.08,11498.06,0.4049
Provider_0298,WI,SPINAL FUSION,Orthopedic,42,27338.17,8616.09,7307.17,0.3152
Provider_0149,PA,CHRONIC OBSTRUCTIVE PULMONARY,Respiratory,63,10706.14,3579.37,3290.85,0.3343
Provider_0270,AL,PERCUTANEOUS CARDIOVASCULAR PROC,Cardiovascular,173,13818.85,4121.4,3510.79,0.2982
Provider_0026,NY,PERCUTANEOUS CARDIOVASCULAR PROC,Cardiovascular,26,28994.13,10691.0,8958.84,0.3687
Provider_0186,TX,SPINAL FUSION,Orthopedic,260,34290.29,9685.99,8499.95,0.2825
Provider_0204,MN,PULMONARY EDEMA,Respiratory,147,8968.9,3514.49,3234.93,0.3919
Provider_0122,MA,PULMONARY EDEMA,Respiratory,109,12978.92,4836.73,4127.32,0.3727
Provider_0110,MI,CHRONIC OBSTRUCTIVE PULMONARY,Respiratory,13,7815.58,2436.97,2098.13,0.3118
Provider_0105,IN,INFLAMMATORY BOWEL DISEASE,Digestive,104,11939.91,4853.07,3954.2,0.4065
Provider_0007,MN,CARDIAC ARRHYTHMIA,Cardiovascular,243,19348.39,5659.55,4899.29,0.2925
Provider_0192,TN,SIMPLE PNEUMONIA & PLEURISY,Respiratory,271,9404.9,3615.27,2911.28,0.3844
Provider_0082,KY,INFLAMMATORY BOWEL DISEASE,Digestive,21,12672.25,4980.41,4327.7,0.393
Provider_0253,NJ,BREAST PROCEDURES,Oncology,30,30484.83,11560.82,9557.12,0.3792
Provider_0125,OR,KNEE PROCEDURES,Orthopedic,32,27400.76,9859.51,9162.21,0.3598
Provider_0041,MI,LYMPHOMA & LEUKEMIA,Oncology,78,24945.63,10476.3,9520.23,0.42
Provider_0060,SC,PERCUTANEOUS CARDIOVASCULAR PROC,Cardiovascular,81,18103.57,6519.53,6192.78,0.3601
Provider_0014,CT,RESPIRATORY INFECTIONS,Respiratory,120,9816.47,4085.16,3601.49,0.4162
Provider_0204,NY,CARDIAC ARRHYTHMIA,Cardiovascular,50,25930.01,10188.84,8227.28,0.3929
Provider_0257,TN,GI HEMORRHAGE,Digestive,170,10893.91,4559.09,3684.71,0.4185
Provider_0110,OH,HIP & FEMUR PROCEDURES,Orthopedic,55,30946.55,12454.89,11717.66,0.4025
Provider_0080,TN,HIP & FEMUR PROCEDURES,Orthopedic,219,24096.9,8091.43,6857.78,0.3358
Provider_0139,MA,RESPIRATORY INFECTIONS,Respiratory,768,10714.56,3222.17,2625.43,0.3007
Provider_0008,OK,CORONARY BYPASS,Cardiovascular,101,17429.55,6876.56,6489.32,0.3945
Provider_0130,CO,SPINAL FUSION,Orthopedic,188,27956.86,7878.1,7242.59,0.2818
Provider_0290,PA,PERCUTANEOUS CARDIOVASCULAR PROC,Cardiovascular,333,21750.61,8251.53,7198.09,0.3794
Provider_0204,NJ,GI HEMORRHAGE,Digestive,39,17416.5,5357.56,4457.65,0.3076
Provider_0114,CA,KNEE PROCEDURES,Orthopedic,240,37258.27,12118.15,11394.38,0.3252
Provider_0178,MD,RESPIRATORY INFECTIONS,Respiratory,143,10100.62,3656.27,3249.33,0.362
Provider_0196,MI,GI HEMORRHAGE,Digestive,298,11233.48,3800.06,3295.9,0.3383
Provider_0153,KY,HIP & FEMUR PROCEDURES,Orthopedic,296,27996.42,7915.04,6720.27,0.2827
Provider_0169,GA,INTRACRANIAL HEMORRHAGE,Neurological,18,16646.17,6892.97,5594.72,0.4141
Provider_0169,NY,SIMPLE PNEUMONIA & PLEURISY,Respiratory,55,12061.22,3634.29,3051.34,0.3013
Provider_0096,WA,INFLAMMATORY BOWEL DISEASE,Digestive,59,16553.86,5642.47,4677.19,0.3409
Provider_0138,MN,INFLAMMATORY BOWEL DISEASE,Digestive,13,11060.36,3213.22,2828.76,0.2905
Provider_0169,MA,CHEMOTHERAPY,Oncology,23,32738.26,11379.81,10229.35,0.3476
Provider_0170,FL,KNEE PROCEDURES,Orthopedic,68,30908.55,12532.59,11542.59,0.4055
Provider_0003,KY,CHRONIC OBSTRUCTIVE PULMONARY,Respiratory,88,8716.47,3488.66,3120.02,0.4002
Provider_0165,FL,GI HEMORRHAGE,Digestive,41,14653.48,5849.79,5103.71,0.3992
Provider_0047,NJ,LYMPHOMA & LEUKEMIA,Oncology,51,25638.7,8540.54,7999.28,0.3331
Provider_0073,UT,BREAST PROCEDURES,Oncology,32,25248.94,10172.76,8976.59,0.4029
Provider_0275,NY,STROKE,Neurological,163,24184.78,8986.36,7878.69,0.3716
Provider_0205,AL,LYMPHOMA & LEUKEMIA,Oncology,16,19621.3,6545.31,5979.66,0.3336
Provider_0158,KY,SEIZURES,Neurological,144,11566.94,4155.83,3800.48,0.3593
Provider_0244,UT,CORONARY BYPASS,Cardiovascular,445,20280.58,6368.35,5962.4,0.314
Provider_0049,FL,KNEE PROCEDURES,Orthopedic,63,31427.46,11779.71,10665.28,0.3748
Provider_0206,MD,CHRONIC OBSTRUCTIVE PULMONARY,Respiratory,378,11413.72,3672.26,3007.47,0.3217
Provider_0249,UT,CHRONIC OBSTRUCTIVE PULMONARY,Respiratory,74,8004.02,2325.87,2062.03,0.2906
Provider_0066,MN,SIMPLE PNEUMONIA & PLEURISY,Respiratory,175,11078.6,4298.21,3463.59,0.388
Provider_0061,MN,KNEE PROCEDURES,Orthopedic,62,29151.23,10091.01,9400.9,0.3462
Provider_0102,LA,GI HEMORRHAGE,Digestive,13,12333.98,3869.17,3234.59,0.3137
Provider_0219,MN,CHEMOTHERAPY,Oncology,72,23984.98,9085.66,8387.21,0.3788
Provider_0111,LA,HEART FAILURE & SHOCK,Cardiovascular,65,17093.03,5712.59,4866.65,0.3342
Provider_0023,PA,PERCUTANEOUS CARDIOVASCULAR PROC,Cardiovascular,44,16167.52,4904.37,4369.79,0.3033
Provider_0100,SC,HEART FAILURE & SHOCK,Cardiovascular,289,13870.41,5620.09,4688.42,0.4052
Provider_0110,CA,RESPIRATORY INFECTIONS,Respiratory,198,12895.17,4501.29,3628.09,0.3491
Provider_0140,NY,PULMONARY EDEMA,Respiratory,11,14276.78,4515.97,4043.69,0.3163
Provider_0011,UT,PULMONARY EDEMA,Respiratory,30,10368.34,3289.28,2922.93,0.3172
Provider_0105,NC,HEART FAILURE & SHOCK,Cardiovascular,149,18828.36,7368.29,6044.39,0.3913
Provider_0257,FL,MAJOR JOINT REPLACEMENT - LOWER EXTREMITY,Orthopedic,90,26971.4,10582.82,8858.29,0.3924
Provider_0183,KY,KIDNEY TRANSPLANT,Renal,98,10641.56,4139.48,3392.94,0.389
Provider_0023,MA,CARDIAC ARRHYTHMIA,Cardiovascular,43,27461.61,9695.16,7775.63,0.353
Provider_0103,NY,LYMPHOMA & LEUKEMIA,Oncology,94,28148.7,10143.57,9084.69,0.3604
Provider_0088,SC,PULMONARY EDEMA,Respiratory,78,8074.16,2993.37,2402.94,0.3707
Provider_0065,NJ,INTRACRANIAL HEMORRHAGE,Neurological,14,23003.67,7993.27,7301.06,0.3475
Provider_0241,IN,CARDIAC ARRHYTHMIA,Cardiovascular,117,18918.97,5412.96,4522.5,0.2861
Provider_0135,IL,CARDIAC CATHETERIZATION,Cardiovascular,770,24164.93,7413.06,6278.21,0.3068
Provider_0242,KY,SEIZURES,Neurological,265,13290.86,5061.78,4746.65,0.3808
Provider_0092,NJ,PERCUTANEOUS CARDIOVASCULAR PROC,Cardiovascular,195,22092.2,7196.87,5769.15,0.3258
Provider_0161,SC,KIDNEY & URINARY TRACT INFECTIONS,Renal,91,10885.14,3937.7,3198.85,0.3617
Provider_0030,TN,HEART FAILURE & SHOCK,Cardiovascular,57,19128.84,6113.07,5313.05,0.3196
Provider_0269,OH,GI HEMORRHAGE,Digestive,170,13840.79,5088.93,4581.86,0.3677
Provider_0271,KY,LYMPHOMA & LEUKEMIA,Oncology,86,20560.36,5890.47,5263.69,0.2865
Provider_0223,AL,RENAL FAILURE,Renal,80,9969.29,3866.06,3153.13,0.3878
Provider_0026,CO,KIDNEY TRANSPLANT,Renal,217,13047.38,4496.82,3809.55,0.3447
Provider_0078,MO,INTRACRANIAL HEMORRHAGE,Neurological,79,14521.66,5335.07,4373.72,0.3674
Provider_0211,OK,SIMPLE PNEUMONIA & PLEURISY,Respiratory,89,8981.43,2990.53,2728.74,0.333
Provider_0068,AL,KNEE PROCEDURES,Orthopedic,136,24029.31,8066.36,6845.96,0.3357
Provider_0089,VA,CORONARY BYPASS,Cardiovascular,187,17573.88,7189.67,6390.79,0.4091
Provider_0196,IN,PULMONARY EDEMA,Respiratory,108,8447.6,2962.49,2448.39,0.3507
Provider_0177,NC,CARDIAC ARRHYTHMIA,Cardiovascular,169,17954.97,7226.84,5871.17,0.4025
Provider_0023,NC,SIMPLE PNEUMONIA & PLEURISY,Respiratory,44,8305.74,2771.15,2547.24,0.3336
Provider_0047,TN,HEART FAILURE & SHOCK,Cardiovascular,123,16977.79,6452.55,6069.63,0.3801
Provider_0073,LA,LYMPHOMA & LEUKEMIA,Oncology,26,18293.95,7414.76,7012.94,0.4053
Provider_0187,MI,CARDIAC ARRHYTHMIA,Cardiovascular,108,16076.01,6222.22,5243.49,0.3871
Provider_0206,OK,HIP & FEMUR PROCEDURES,Orthopedic,152,21855.06,8425.46,7963.89,0.3855
Provider_0207,TN,CARDIAC ARRHYTHMIA,Cardiovascular,152,18450.35,5310.75,4631.06,0.2878
Provider_0074,KY,PERCUTANEOUS CARDIOVASCULAR PROC,Cardiovascular,240,18743.71,5944.38,5561.52,0.3171
Provider_0070,OR,KNEE PROCEDURES,Orthopedic,492,36776.96,15060.04,13822.87,0.4095
Provider_0128,CA,STROKE,Neurological,57,22491.73,6548.5,5286.5,0.2912
Provider_0060,MA,RENAL FAILURE,Renal,408,15366.11,4352.92,3763.21,0.2833
Provider_0297,WA,PANCREATIC DISORDERS,Digestive,139,12494.3,3681.3,3431.53,0.2946
Provider_0089,UT,KIDNEY & URINARY TRACT INFECTIONS,Renal,365,12593.49,4799.78,3895.98,0.3811
Provider_0002,CA,KNEE PROCEDURES,Orthopedic,116,43981.34,16336.7,13924.72,0.3714
Provider_0131,NC,PERCUTANEOUS CARDIOVASCULAR PROC,Cardiovascular,51,16417.57,6136.82,4975.72,0.3738
Provider_0139,NJ,PULMONARY EDEMA,Respiratory,71,10402.68,3556.25,3256.11,0.3419
Provider_0201,SC,CARDIAC CATHETERIZATION,Cardiovascular,441,16828.25,4994.44,4235.83,0.2968
Provider_0061,MN,HEART FAILURE & SHOCK,Cardiovascular,71,17938.17,7065.43,6439.61,0.3939
Provider_0181,KY,PERCUTANEOUS CARDIOVASCULAR PROC,Cardiovascular,112,14823.87,5938.85,5590.41,0.4006
Provider_0203,CT,CHRONIC OBSTRUCTIVE PULMONARY,Respiratory,193,13192.83,4054.26,3827.56,0.3073
Provider_0117,TN,SPINAL FUSION,Orthopedic,152,25735.83,9052.85,7605.9,0.3518
Provider_0228,NJ,PANCREATIC DISORDERS,Digestive,57,13282.87,4642.11,4092.81,0.3495
Provider_0168,MD,LYMPHOMA & LEUKEMIA,Oncology,161,28480.63,8908.4,7487.02,0.3128
Provider_0072,IL,HEART FAILURE & SHOCK,Cardiovascular,113,18470.13,7501.22,6759.56,0.4061
Provider_0275,NJ,MAJOR JOINT REPLACEMENT - LOWER EXTREMITY,Orthopedic,25,31451.18,11128.17,9574.87,0.3538
Provider_0242,OH,CARDIAC CATHETERIZATION,Cardiovascular,93,20201.05,8035.73,7127.41,0.3978
Provider_0176,NJ,CHRONIC OBSTRUCTIVE PULMONARY,Respiratory,456,10946.2,3714.41,3333.6,0.3393
Provider_0134,UT,SEIZURES,Neurological,49,13073.44,3957.98,3697.76,0.3027
Provider_0235,NJ,CARDIAC ARRHYTHMIA,Cardiovascular,128,20797.99,7189.15,6295.28,0.3457
Provider_0045,NY,HIP & FEMUR PROCEDURES,Orthopedic,433,35730.81,12991.59,11219.9,0.3636
Provider_0300,VA,HIP & FEMUR PROCEDURES,Orthopedic,89,30581.65,9867.67,8163.24,0.3227
Provider_0260,MI,INTRACRANIAL HEMORRHAGE,Neurological,150,15095.47,5105.41,4443.63,0.3382
Provider_0186,MA,CORONARY BYPASS,Cardiovascular,16,27161.68,10278.49,8556.01,0.3784
Provider_0241,OR,CORONARY BYPASS,Cardiovascular,98,22795.42,6400.09,5153.84,0.2808
Provider_0277,AZ,DIGESTIVE MALIGNANCY,Digestive,59,13568.58,4858.09,4073.04,0.358
Provider_0029,PA,CARDIAC CATHETERIZATION,Cardiovascular,277,19098.97,7157.85,6260.16,0.3748
Provider_0142,MA,RESPIRATORY INFECTIONS,Respiratory,72,10867.22,3433.97,2994.14,0.316
Provider_0161,VA,SIMPLE PNEUMONIA & PLEURISY,Respiratory,253,10792.37,4280.48,3872.66,0.3966
Provider_0138,CT,RESPIRATORY INFECTIONS,Respiratory,255,11581.45,3888.53,3400.81,0.3358
Provider_0087,AL,CARDIAC CATHETERIZATION,Cardiovascular,81,14841.59,4442.89,3847.19,0.2994
Provider_0191,WA,MAJOR JOINT REPLACEMENT - LOWER EXTREMITY,Orthopedic,262,38122.64,15786.44,14721.87,0.4141
Provider_0113,MN,INTRACRANIAL HEMORRHAGE,Neurological,111,18652.51,5427.27,4400.9,0.291
Provider_0122,OK,RADIATION THERAPY,Oncology,103,21597.42,6425.5,5265.49,0.2975
Provider_0173,KY,INTRACRANIAL HEMORRHAGE,Neurological,57,14182.26,5818.45,5385.21,0.4103
Provider_0234,SC,CHEMOTHERAPY,Oncology,122,22016.23,7043.74,5887.74,0.3199
Provider_0226,NC,CORONARY BYPASS,Cardiovascular,163,18082.98,7491.34,7039.34,0.4143
Provider_0203,CA,SIMPLE PNEUMONIA & PLEURISY,Respiratory,132,11430.81,3336.09,2728.56,0.2919
Provider_0258,CA,KIDNEY & URINARY TRACT INFECTIONS,Renal,196,14446.7,4863.5,4178.0,0.3367
Provider_0196,MD,SEIZURES,Neurological,175,21000.47,7229.53,6042.18,0.3443
Provider_0223,UT,INTRACRANIAL HEMORRHAGE,Neurological,359,14896.87,5551.7,4828.47,0.3727
Provider_0110,PA,MAJOR JOINT REPLACEMENT - LOWER EXTREMITY,Orthopedic,103,27388.03,9868.12,9110.55,0.3603
Provider_0032,FL,INTRACRANIAL HEMORRHAGE,Neurological,163,16606.73,6728.61,6311.31,0.4052
Provider_0080,LA,RENAL FAILURE,Renal,21,11321.2,4156.29,3765.63,0.3671
Provider_0149,UT,PERCUTANEOUS CARDIOVASCULAR PROC,Cardiovascular,160,21074.85,7982.51,7190.38,0.3788
Provider_0125,MN,HEART FAILURE & SHOCK,Cardiovascular,156,19852.72,6623.09,5519.1,0.3336
Provider_0136,OR,TRANSIENT ISCHEMIA,Neurological,35,18875.99,7200.96,6727.24,0.3815
Provider_0033,FL,CARDIAC ARRHYTHMIA,Cardiovascular,49,21069.2,6420.54,5695.23,0.3047
Provider_0235,MA,SIMPLE PNEUMONIA & PLEURISY,Respiratory,235,13104.58,5285.38,4867.11,0.4033
Provider_0076,CO,HEART FAILURE & SHOCK,Cardiovascular,230,21021.01,6000.89,5375.49,0.2855
Provider_0227,IN,RADIATION THERAPY,Oncology,79,23303.56,8371.12,6894.34,0.3592
Provider_0100,CA,SPINAL FUSION,Orthopedic,65,34055.86,11471.9,9371.41,0.3369
Provider_0242,WA,SEIZURES,Neurological,270,20578.6,8305.31,7792.93,0.4036
Provider_0128,WA,CORONARY BYPASS,Cardiovascular,12,21762.18,7107.02,6152.87,0.3266
Provider_0178,PA,HEART FAILURE & SHOCK,Cardiovascular,96,17389.02,5646.95,5018.85,0.3247
Provider_0095,CO,KIDNEY TRANSPLANT,Renal,210,14083.79,5428.79,4926.35,0.3855
Provider_0213,CT,CARDIAC CATHETERIZATION,Cardiovascular,52,21618.21,8084.58,6505.8,0.374
Provider_0210,TX,KIDNEY & URINARY TRACT INFECTIONS,Renal,60,13544.99,4857.09,4528.88,0.3586
Provider_0131,AL,SPINAL FUSION,Orthopedic,176,28265.87,8205.55,6630.21,0.2903
Provider_0296,FL,HIP & FEMUR PROCEDURES,Orthopedic,107,33532.16,11732.7,9865.36,0.3499
Provider_0235,CA,KNEE PROCEDURES,Orthopedic,265,35525.63,12896.44,12127.8,0.363
Provider_0270,MD,KIDNEY & URINARY TRACT INFECTIONS,Renal,48,15560.93,5992.68,5373.68,0.3851
Provider_0009,GA,PERCUTANEOUS CARDIOVASCULAR PROC,Cardiovascular,59,14574.05,5059.13,4059.34,0.3471
Provider_0027,CO,RESPIRATORY INFECTIONS,Respiratory,42,10417.75,3022.53,2850.61,0.2901
Provider_0022,IL,LYMPHOMA & LEUKEMIA,Oncology,132,21415.6,7217.78,5966.3,0.337
Provider_0264,TN,RENAL FAILURE,Renal,22,9886.14,4060.39,3578.66,0.4107
Provider_0059,MN,HEART FAILURE & SHOCK,Cardiovascular,209,17119.86,6312.76,5916.27,0.3687
Provider_0179,MD,SEIZURES,Neurological,31,19221.65,5741.23,5286.98,0.2987
Provider_0076,MO,STROKE,Neurological,15,11668.11,4772.24,3909.87,0.409
Provider_0018,NC,PANCREATIC DISORDERS,Digestive,76,10451.59,4021.48,3375.25,0.3848
Provider_0057,IL,KNEE PROCEDURES,Orthopedic,124,27618.79,9247.19,8387.19,0.3348
Provider_0029,OH,TRANSIENT ISCHEMIA,Neurological,196,17162.1,6362.41,5413.22,0.3707
Provider_0163,MN,CARDIAC CATHETERIZATION,Cardiovascular,58,16699.15,5473.09,5037.96,0.3277
Provider_0007,WA,SPINAL FUSION,Orthopedic,130,31950.36,11801.94,9949.3,0.3694
Provider_0033,AZ,CHRONIC OBSTRUCTIVE PULMONARY,Respiratory,319,7958.64,2876.25,2537.83,0.3614
Provider_0254,NY,INTRACRANIAL HEMORRHAGE,Neurological,165,17855.27,7341.36,6054.27,0.4112
Provider_0286,CA,CARDIAC CATHETERIZATION,Cardiovascular,525,23335.92,6910.75,5639.51,0.2961
Provider_0217,MO,RESPIRATORY INFECTIONS,Respiratory,42,8151.71,2984.45,2602.97,0.3661
Provider_0018,AL,RESPIRATORY INFECTIONS,Respiratory,45,9020.79,3669.95,3247.98,0.4068
Provider_0300,IN,HIP & FEMUR PROCEDURES,Orthopedic,166,25967.98,10385.69,9779.31,0.3999
Provider_0191,LA,PULMONARY EDEMA,Respiratory,36,7788.6,2405.65,2240.83,0.3089
Provider_0291,MA,MAJOR JOINT REPLACEMENT - LOWER EXTREMITY,Orthopedic,293,41623.12,14399.59,12407.73,0.346
Provider_0144,KY,PANCREATIC DISORDERS,Digestive,84,12145.91,4445.84,4111.62,0.366
Provider_0235,MO,PERCUTANEOUS CARDIOVASCULAR PROC,Cardiovascular,25,17625.14,5552.12,5138.39,0.315
Provider_0223,PA,KNEE PROCEDURES,Orthopedic,72,31796.3,12828.74,11050.78,0.4035
Provider_0127,TN,PERCUTANEOUS CARDIOVASCULAR PROC,Cardiovascular,71,15894.26,4857.46,4199.31,0.3056
Provider_0221,NC,CORONARY BYPASS,Cardiovascular,175,16155.29,5905.09,5495.8,0.3655
Provider_0017,MO,SPINAL FUSION,Orthopedic,135,22057.24,6342.93,5509.37,0.2876
Provider_0101,AL,KIDNEY TRANSPLANT,Renal,91,10342.56,3451.63,3250.55,0.3337
Provider_0284,TN,MAJOR JOINT REPLACEMENT - LOWER EXTREMITY,Orthopedic,94,28490.49,9738.47,8507.45,0.3418
Provider_0055,OH,DIGESTIVE MALIGNANCY,Digestive,71,11944.84,4026.78,3417.46,0.3371
Provider_0092,SC,INFLAMMATORY BOWEL DISEASE,Digestive,15,10120.13,3247.78,2993.36,0.3209
Provider_0096,MA,INFLAMMATORY BOWEL DISEASE,Digestive,73,16194.72,4646.3,3718.67,0.2869
Provider_0051,NC,INTRACRANIAL HEMORRHAGE,Neurological,86,14999.76,4426.89,3831.19,0.2951
Provider_0197,IN,SIMPLE PNEUMONIA & PLEURISY,Respiratory,23,8859.52,2598.55,2115.85,0.2933
Provider_0207,SC,TRANSIENT ISCHEMIA,Neurological,14,13276.39,3927.68,3349.16,0.2958
Provider_0173,TN,CARDIAC ARRHYTHMIA,Cardiovascular,135,14958.06,4492.13,4203.09,0.3003
Provider_0038,UT,CHEMOTHERAPY,Oncology,332,20847.31,8610.56,6970.15,0.413
Provider_0221,FL,RENAL FAILURE,Renal,264,14254.92,4478.45,4095.53,0.3142
Provider_0029,AL,PERCUTANEOUS CARDIOVASCULAR PROC,Cardiovascular,283,13693.2,3884.24,3508.44,0.2837
Provider_0299,KY,LYMPHOMA & LEUKEMIA,Oncology,496,21008.69,6357.84,5950.16,0.3026
Provider_0197,OH,HEART FAILURE & SHOCK,Cardiovascular,73,15415.74,4900.25,4511.7,0.3179
Provider_0163,CT,PANCREATIC DISORDERS,Digestive,39,15053.03,5862.86,5379.72,0.3895
Provider_0178,CT,DIGESTIVE MALIGNANCY,Digestive,27,16356.05,6671.01,5945.79,0.4079
Provider_0158,NC,RADIATION THERAPY,Oncology,38,20651.61,8408.95,6858.94,0.4072
Provider_0276,MO,STROKE,Neurological,576,12089.58,4069.96,3294.09,0.3367
Provider_0236,WA,CORONARY BYPASS,Cardiovascular,16,23446.78,9332.41,8024.22,0.398
Provider_0202,MN,KNEE PROCEDURES,Orthopedic,86,32242.02,11087.57,10357.05,0.3439
Provider_0061,SC,RENAL FAILURE,Renal,73,9007.53,3034.2,2803.4,0.3369
Provider_0021,CT,SPINAL FUSION,Orthopedic,17,37233.62,12396.89,11393.79,0.3329
Provider_0192,AZ,INFLAMMATORY BOWEL DISEASE,Digestive,241,12004.83,4996.72,4731.7,0.4162
Provider_0076,KY,CORONARY BYPASS,Cardiovascular,81,14181.92,5375.7,4325.7,0.3791
Provider_0001,OR,HIP & FEMUR PROCEDURES,Orthopedic,33,36531.67,13774.04,12674.95,0.377
Provider_0004,MD,PULMONARY EDEMA,Respiratory,133,10245.33,4102.33,3357.33,0.4004
Provider_0145,UT,SIMPLE PNEUMONIA & PLEURISY,Respiratory,414,7696.8,2673.54,2272.52,0.3474
Provider_0041,WI,SPINAL FUSION,Orthopedic,26,30195.05,8747.03,7432.19,0.2897
Provider_0017,MN,KNEE PROCEDURES,Orthopedic,115,29617.3,10308.25,8731.78,0.348
Provider_0074,OK,PERCUTANEOUS CARDIOVASCULAR PROC,Cardiovascular,278,15584.96,5521.22,4761.32,0.3543
Provider_0259,TN,RENAL FAILURE,Renal,65,9213.14,3303.29,2709.27,0.3585
Provider_0072,WI,KNEE PROCEDURES,Orthopedic,79,28940.0,11410.23,10819.63,0.3943
Provider_0014,NJ,PANCREATIC DISORDERS,Digestive,403,15356.47,4724.36,4223.57,0.3076
Provider_0073,KY,RESPIRATORY INFECTIONS,Respiratory,12,8161.83,2663.55,2426.62,0.3263
Provider_0105,OK,RENAL FAILURE,Renal,100,9001.15,3312.84,2708.88,0.368
Provider_0204,NY,PULMONARY EDEMA,Respiratory,23,11866.76,4716.38,3795.97,0.3974
Provider_0265,TX,SPINAL FUSION,Orthopedic,66,33526.15,9685.54,8324.11,0.2889
Provider_0113,CT,SPINAL FUSION,Orthopedic,259,34839.79,11719.71,9439.42,0.3364
Provider_0132,PA,CORONARY BYPASS,Cardiovascular,314,18187.99,5734.95,5047.52,0.3153
Provider_0272,GA,KIDNEY TRANSPLANT,Renal,33,11486.67,3835.33,3299.71,0.3339
Provider_0054,OR,CHEMOTHERAPY,Oncology,91,26685.14,10975.17,8930.36,0.4113
Provider_0119,SC,GI HEMORRHAGE,Digestive,78,9695.96,3822.58,3518.24,0.3942
Provider_0183,OK,KIDNEY & URINARY TRACT INFECTIONS,Renal,42,10459.73,2987.78,2432.69,0.2856
Provider_0253,LA,CARDIAC CATHETERIZATION,Cardiovascular,666,14893.97,4481.56,3747.25,0.3009
Provider_0218,CT,SPINAL FUSION,Orthopedic,12,31405.99,11850.34,9694.03,0.3773
Provider_0035,IN,PULMONARY EDEMA,Respiratory,145,7877.21,2842.16,2301.82,0.3608
Provider_0217,CA,LYMPHOMA & LEUKEMIA,Oncology,72,33259.94,11339.39,10682.0,0.3409
Provider_0212,TX,KIDNEY TRANSPLANT,Renal,181,10352.07,3707.01,3176.61,0.3581
Provider_0034,KY,SPINAL FUSION,Orthopedic,471,27519.44,11283.58,10388.18,0.41
Provider_0251,OH,HEART FAILURE & SHOCK,Cardiovascular,32,18964.4,7899.87,7222.21,0.4166
Provider_0059,IL,CARDIAC CATHETERIZATION,Cardiovascular,99,19423.91,5740.64,4973.77,0.2955
Provider_0054,UT,INFLAMMATORY BOWEL DISEASE,Digestive,16,10222.32,3331.76,2995.44,0.3259
Provider_0222,MA,STROKE,Neurological,142,16852.07,5640.48,5181.5,0.3347
Provider_0008,MO,PERCUTANEOUS CARDIOVASCULAR PROC,Cardiovascular,73,18852.55,5943.34,5629.26,0.3153
Provider_0167,CO,CORONARY BYPASS,Cardiovascular,180,17754.29,7001.63,5615.96,0.3944
Provider_0029,VA,PULMONARY EDEMA,Respiratory,212,8239.95,3247.93,2839.38,0.3942
Provider_0265,MI,RENAL FAILURE,Renal,95,11195.94,3758.84,3021.98,0.3357
Provider_0298,OH,KIDNEY TRANSPLANT,Renal,209,12417.87,3698.78,3460.19,0.2979
Provider_0253,WA,KIDNEY & URINARY TRACT INFECTIONS,Renal,428,14422.63,4181.53,3463.99,0.2899
Provider_0106,OK,KIDNEY TRANSPLANT,Renal,385,10352.98,3199.98,2569.72,0.3091
Provider_0275,NC,SPINAL FUSION,Orthopedic,39,22501.57,6934.06,5733.04,0.3082
Provider_0122,TN,HIP & FEMUR PROCEDURES,Orthopedic,124,30115.84,11130.63,10340.78,0.3696
Provider_0280,OK,RESPIRATORY INFECTIONS,Respiratory,19,7044.61,2030.9,1656.83,0.2883
Provider_0040,GA,MAJOR JOINT REPLACEMENT - LOWER EXTREMITY,Orthopedic,18,30293.62,9016.34,8434.47,0.2976
Provider_0072,OH,CARDIAC CATHETERIZATION,Cardiovascular,204,18020.37,7028.18,6110.08,0.39
Provider_0247,AL,SPINAL FUSION,Orthopedic,122,25026.29,7580.65,6206.56,0.3029
Provider_0272,KY,RADIATION THERAPY,Oncology,15,21654.06,8706.62,7093.36,0.4021
Provider_0181,NJ,RENAL FAILURE,Renal,105,12940.36,4198.06,3535.98,0.3244
Provider_0213,CT,HEART FAILURE & SHOCK,Cardiovascular,986,25766.01,8519.47,6828.8,0.3306
Provider_0221,NY,GI HEMORRHAGE,Digestive,422,19354.27,6635.35,5370.84,0.3428
Provider_0283,WI,STROKE,Neurological,173,15482.89,5176.53,4273.82,0.3343
Provider_0177,AL,KNEE PROCEDURES,Orthopedic,59,22928.75,8304.76,6726.88,0.3622
Provider_0135,UT,SPINAL FUSION,Orthopedic,455,27065.77,9833.17,7999.57,0.3633
Provider_0168,WA,CORONARY BYPASS,Cardiovascular,174,19687.54,5690.39,5045.38,0.289
Provider_0014,OR,PULMONARY EDEMA,Respiratory,387,10144.16,4163.31,3694.94,0.4104
Provider_0196,OH,RENAL FAILURE,Renal,10,10279.8,3611.92,3095.4,0.3514
Provider_0256,MD,RADIATION THERAPY,Oncology,82,23279.12,6674.45,6115.88,0.2867
Provider_0123,NJ,PANCREATIC DISORDERS,Digestive,67,15599.78,5744.71,5378.08,0.3683
Provider_0011,KY,RESPIRATORY INFECTIONS,Respiratory,153,6812.93,2738.87,2203.58,0.402
Provider_0239,CO,PERCUTANEOUS CARDIOVASCULAR PROC,Cardiovascular,44,20855.94,5904.29,5290.87,0.2831
Provider_0225,MA,SIMPLE PNEUMONIA & PLEURISY,Respiratory,16,12168.28,3850.15,3419.53,0.3164
Provider_0243,AZ,BREAST PROCEDURES,Oncology,24,25492.12,9541.51,7797.81,0.3743
Provider_0215,SC,KIDNEY TRANSPLANT,Renal,133,9522.15,3941.73,3348.49,0.414
Provider_0155,WA,KIDNEY & URINARY TRACT INFECTIONS,Renal,101,14170.91,5859.17,4776.18,0.4135
Provider_0192,MA,CHRONIC OBSTRUCTIVE PULMONARY,Respiratory,22,10037.34,2888.8,2333.75,0.2878
Provider_0077,GA,GI HEMORRHAGE,Digestive,20,12283.87,4563.6,4305.45,0.3715
Provider_0076,OK,RADIATION THERAPY,Oncology,55,16317.62,4881.3,4464.47,0.2991
Provider_0162,NY,INFLAMMATORY BOWEL DISEASE,Digestive,284,19813.88,7954.22,6706.46,0.4014
Provider_0246,NY,MAJOR JOINT REPLACEMENT - LOWER EXTREMITY,Orthopedic,32,37656.96,12781.86,10818.55,0.3394
Provider_0051,CT,SEIZURES,Neurological,10,19849.95,8103.38,6832.69,0.4082
Provider_0099,MO,HIP & FEMUR PROCEDURES,Orthopedic,149,24505.67,7726.84,7289.41,0.3153
Provider_0026,WI,SIMPLE PNEUMONIA & PLEURISY,Respiratory,82,8807.09,2659.27,2297.51,0.3019
Provider_0143,MI,HEART FAILURE & SHOCK,Cardiovascular,100,18122.91,6652.34,6288.43,0.3671
Provider_0053,CO,RESPIRATORY INFECTIONS,Respiratory,195,10758.49,3500.22,2871.72,0.3253
Provider_0007,WI,DIGESTIVE MALIGNANCY,Digestive,115,12770.97,5013.84,4506.81,0.3926
Provider_0049,NY,KNEE PROCEDURES,Orthopedic,204,44923.12,13304.99,12578.6,0.2962
Provider_0093,CO,CARDIAC ARRHYTHMIA,Cardiovascular,146,18081.09,6565.59,6012.79,0.3631
Provider_0260,NC,HEART FAILURE & SHOCK,Cardiovascular,138,19395.79,6748.56,5947.54,0.3479
Provider_0002,PA,RESPIRATORY INFECTIONS,Respiratory,48,9332.91,3119.87,2630.14,0.3343
Provider_0156,AZ,KIDNEY & URINARY TRACT INFECTIONS,Renal,47,10934.36,4070.93,3436.25,0.3723
Provider_0290,KY,CORONARY BYPASS,Cardiovascular,269,14859.1,5124.86,4461.44,0.3449
Provider_0159,NC,PANCREATIC DISORDERS,Digestive,143,12795.77,3599.9,3097.48,0.2813
Provider_0282,WA,PANCREATIC DISORDERS,Digestive,324,12574.1,4166.46,3584.85,0.3314
Provider_0105,CO,PANCREATIC DISORDERS,Digestive,217,15977.49,5564.65,4978.11,0.3483
Provider_0147,AL,TRANSIENT ISCHEMIA,Neurological,65,12307.02,4175.72,3698.63,0.3393
Provider_0060,UT,CHRONIC OBSTRUCTIVE PULMONARY,Respiratory,391,7957.78,2244.89,1850.16,0.2821
Provider_0231,NJ,INTRACRANIAL HEMORRHAGE,Neurological,236,16457.1,6000.73,5049.93,0.3646
Provider_0291,GA,INTRACRANIAL HEMORRHAGE,Neurological,42,16574.31,5899.74,5585.67,0.356
Provider_0224,NJ,HIP & FEMUR PROCEDURES,Orthopedic,83,38072.09,13880.94,12827.02,0.3646
Provider_0060,PA,MAJOR JOINT REPLACEMENT - LOWER EXTREMITY,Orthopedic,102,29611.74,10115.87,8230.99,0.3416
Provider_0281,KY,CORONARY BYPASS,Cardiovascular,185,19003.8,6650.13,5431.93,0.3499
Provider_0275,CT,KNEE PROCEDURES,Orthopedic,37,31657.96,12766.36,11043.65,0.4033
Provider_0023,OR,KIDNEY TRANSPLANT,Renal,106,12651.69,4794.79,3963.48,0.379
Provider_0055,MO,INFLAMMATORY BOWEL DISEASE,Digestive,39,11240.54,4006.43,3225.73,0.3564
Provider_0043,TN,HIP & FEMUR PROCEDURES,Orthopedic,158,26127.46,7841.81,6284.32,0.3001
Provider_0101,NJ,KIDNEY & URINARY TRACT INFECTIONS,Renal,59,14853.27,4815.31,3915.04,0.3242
Provider_0090,OH,PERCUTANEOUS CARDIOVASCULAR PROC,Cardiovascular,12,20281.43,5712.58,4821.27,0.2817
Provider_0102,FL,PERCUTANEOUS CARDIOVASCULAR PROC,Cardiovascular,74,19650.41,6464.57,5780.14,0.329
Provider_0101,LA,TRANSIENT ISCHEMIA,Neurological,94,14490.95,5078.36,4114.33,0.3505
Provider_0033,TX,SPINAL FUSION,Orthopedic,140,30778.66,12449.25,11537.76,0.4045
Provider_0225,VA,STROKE,Neurological,287,17927.92,6733.4,6094.49,0.3756
Provider_0013,UT,KIDNEY TRANSPLANT,Renal,72,10176.77,3356.66,2828.37,0.3298
Provider_0130,OR,INFLAMMATORY BOWEL DISEASE,Digestive,95,15735.7,5026.54,4383.64,0.3194
Provider_0130,LA,CARDIAC CATHETERIZATION,Cardiovascular,117,16596.11,5619.88,4859.94,0.3386
Provider_0002,CT,KNEE PROCEDURES,Orthopedic,125,39068.1,13568.4,12750.7,0.3473
Provider_0120,VA,HEART FAILURE & SHOCK,Cardiovascular,32,22401.08,8952.51,7471.54,0.3996
Provider_0235,LA,HIP & FEMUR PROCEDURES,Orthopedic,12,26430.08,9336.22,8727.46,0.3532
Provider_0059,MN,CARDIAC CATHETERIZATION,Cardiovascular,26,19235.8,5844.25,4898.69,0.3038
Provider_0222,MN,CARDIAC CATHETERIZATION,Cardiovascular,59,17279.67,5512.21,5047.74,0.319
Provider_0227,WI,SIMPLE PNEUMONIA & PLEURISY,Respiratory,139,9245.61,3199.41,2797.47,0.346
Provider_0120,KY,KIDNEY & URINARY TRACT INFECTIONS,Renal,95,10471.82,3454.59,2931.3,0.3299
Provider_0103,TX,SPINAL FUSION,Orthopedic,26,31317.97,12117.11,10163.1,0.3869
Provider_0208,MO,KNEE PROCEDURES,Orthopedic,230,25357.61,9826.09,7920.58,0.3875
Provider_0007,WA,INTRACRANIAL HEMORRHAGE,Neurological,234,17481.48,6496.94,5888.81,0.3716
Provider_0294,TN,SIMPLE PNEUMONIA & PLEURISY,Respiratory,128,7739.72,3216.03,2911.93,0.4155
Provider_0184,MI,KNEE PROCEDURES,Orthopedic,57,28188.98,8927.33,7601.23,0.3167
Provider_0245,OR,CARDIAC ARRHYTHMIA,Cardiovascular,354,17120.23,5999.44,5325.3,0.3504
Provider_0005,IN,SIMPLE PNEUMONIA & PLEURISY,Respiratory,240,7739.11,3116.39,2502.01,0.4027
Provider_0183,MD,SPINAL FUSION,Orthopedic,79,28603.0,11693.36,10179.59,0.4088
Provider_0233,IN,TRANSIENT ISCHEMIA,Neurological,79,16533.72,5601.79,4992.28,0.3388
Provider_0085,UT,SPINAL FUSION,Orthopedic,226,31482.41,12447.68,11309.23,0.3954
Provider_0114,GA,MAJOR JOINT REPLACEMENT - LOWER EXTREMITY,Orthopedic,151,28544.12,10855.03,9049.18,0.3803
Provider_0141,PA,RENAL FAILURE,Renal,24,10201.07,3331.88,2852.21,0.3266
Provider_0230,AZ,SEIZURES,Neurological,344,18075.8,6444.0,5499.52,0.3565
Provider_0056,IL,INTRACRANIAL HEMORRHAGE,Neurological,71,15366.12,5153.29,4257.64,0.3354
Provider_0076,VA,HEART FAILURE & SHOCK,Cardiovascular,93,16408.2,6758.75,5941.51,0.4119
Provider_0285,LA,CORONARY BYPASS,Cardiovascular,12,15303.66,5423.74,5048.31,0.3544
Provider_0128,GA,CARDIAC ARRHYTHMIA,Cardiovascular,77,15706.31,4459.01,4105.64,0.2839
Provider_0240,GA,KIDNEY & URINARY TRACT INFECTIONS,Renal,96,11915.23,4076.55,3610.31,0.3421
Provider_0142,LA,CARDIAC CATHETERIZATION,Cardiovascular,137,16063.97,6120.51,4901.85,0.381
Provider_0063,IL,RENAL FAILURE,Renal,479,12169.72,3794.99,3133.52,0.3118
Provider_0236,IL,SEIZURES,Neurological,201,14649.81,5510.12,4710.98,0.3761
Provider_0086,MA,LYMPHOMA & LEUKEMIA,Oncology,249,33611.9,10839.28,10076.09,0.3225
Provider_0263,PA,BREAST PROCEDURES,Oncology,107,21883.02,7348.3,6066.17,0.3358
Provider_0252,IL,PULMONARY EDEMA,Respiratory,13,10550.67,3270.66,2783.77,0.31
Provider_0137,MA,MAJOR JOINT REPLACEMENT - LOWER EXTREMITY,Orthopedic,137,43095.16,16743.44,15413.09,0.3885
Provider_0020,SC,CORONARY BYPASS,Cardiovascular,105,17225.16,6288.55,5402.47,0.3651
Provider_0201,CA,KNEE PROCEDURES,Orthopedic,134,41223.94,13692.69,11493.11,0.3322
Provider_0172,LA,GI HEMORRHAGE,Digestive,106,8915.62,3365.74,2882.44,0.3775
Provider_0272,MO,HIP & FEMUR PROCEDURES,Orthopedic,44,23474.75,7691.59,6703.11,0.3277
Provider_0079,VA,LYMPHOMA & LEUKEMIA,Oncology,466,20507.57,8417.79,7887.78,0.4105
Provider_0069,VA,DIGESTIVE MALIGNANCY,Digestive,239,13176.01,4670.88,4018.57,0.3545
Provider_0187,SC,INFLAMMATORY BOWEL DISEASE,Digestive,64,9286.09,2668.07,2235.89,0.2873
Provider_0068,IL,GI HEMORRHAGE,Digestive,51,14641.03,5728.62,4679.88,0.3913
Provider_0253,WI,CORONARY BYPASS,Cardiovascular,67,18477.99,5470.13,5194.15,0.296
Provider_0246,OH,CHRONIC OBSTRUCTIVE PULMONARY,Respiratory,43,9415.11,2664.88,2340.0,0.283
Provider_0194,IN,INFLAMMATORY BOWEL DISEASE,Digestive,38,9945.39,3225.1,3052.27,0.3243
Provider_0264,TN,HIP & FEMUR PROCEDURES,Orthopedic,90,25983.76,8848.24,8394.81,0.3405
Provider_0062,MI,RESPIRATORY INFECTIONS,Respiratory,14,8815.12,3178.53,2996.05,0.3606
Provider_0194,AZ,CARDIAC CATHETERIZATION,Cardiovascular,210,20572.75,7883.06,6516.95,0.3832
Provider_0152,MN,HIP & FEMUR PROCEDURES,Orthopedic,64,34781.48,11035.21,9679.86,0.3173
Provider_0096,OH,INFLAMMATORY BOWEL DISEASE,Digestive,182,13234.97,4084.72,3474.85,0.3086
Provider_0243,WA,SIMPLE PNEUMONIA & PLEURISY,Respiratory,79,11953.09,4392.81,4076.97,0.3675
Provider_0116,CO,PULMONARY EDEMA,Respiratory,18,10564.83,3996.71,3505.05,0.3783
Provider_0167,OK,KIDNEY TRANSPLANT,Renal,97,10595.67,3742.15,3082.46,0.3532
Provider_0247,MI,CARDIAC ARRHYTHMIA,Cardiovascular,330,20744.73,7065.49,6174.97,0.3406
Provider_0300,MO,HIP & FEMUR PROCEDURES,Orthopedic,42,22030.97,8092.95,7157.22,0.3673
Provider_0160,MD,INTRACRANIAL HEMORRHAGE,Neurological,247,20553.16,7101.1,6381.16,0.3455
Provider_0017,CA,KIDNEY TRANSPLANT,Renal,74,15746.63,5973.84,5630.87,0.3794
Provider_0183,NY,PANCREATIC DISORDERS,Digestive,146,15763.4,5708.6,5248.41,0.3621
Provider_0021,MO,PANCREATIC DISORDERS,Digestive,125,10829.57,3333.04,3147.21,0.3078
Provider_0236,AL,TRANSIENT ISCHEMIA,Neurological,62,12654.47,4268.2,3762.96,0.3373
Provider_0217,TX,HEART FAILURE & SHOCK,Cardiovascular,132,18981.06,7058.21,5869.39,0.3719
Provider_0188,IN,CARDIAC ARRHYTHMIA,Cardiovascular,297,17773.45,6890.48,5893.32,0.3877
Provider_0024,FL,KIDNEY & URINARY TRACT INFECTIONS,Renal,101,11547.1,3446.69,2894.82,0.2985
Provider_0136,OK,DIGESTIVE MALIGNANCY,Digestive,48,9493.94,2966.48,2728.25,0.3125
Provider_0137,WA,HEART FAILURE & SHOCK,Cardiovascular,35,19624.8,5992.77,5398.24,0.3054
Provider_0228,UT,LYMPHOMA & LEUKEMIA,Oncology,10,26045.19,10261.52,9600.65,0.394
Provider_0174,WI,KIDNEY & URINARY TRACT INFECTIONS,Renal,227,9514.97,3648.32,3443.96,0.3834
Provider_0110,CA,HIP & FEMUR PROCEDURES,Orthopedic,80,40058.65,13887.83,13053.54,0.3467
Provider_0288,MO,GI HEMORRHAGE,Digestive,198,11510.3,4687.55,4412.39,0.4072
Provider_0196,NJ,PULMONARY EDEMA,Respiratory,82,10787.76,4213.52,3771.86,0.3906
Provider_0219,CA,PULMONARY EDEMA,Respiratory,285,14271.13,4800.32,4481.31,0.3364
Provider_0107,NC,CORONARY BYPASS,Cardiovascular,25,19665.77,6756.64,6149.71,0.3436
Provider_0035,GA,CORONARY BYPASS,Cardiovascular,59,15291.98,5169.11,4146.77,0.338
Provider_0014,MA,DIGESTIVE MALIGNANCY,Digestive,42,15705.94,4812.96,4044.28,0.3064
Provider_0212,LA,KIDNEY TRANSPLANT,Renal,44,9153.27,3550.68,3014.82,0.3879
Provider_0266,IL,HEART FAILURE & SHOCK,Cardiovascular,46,18933.89,7348.55,6357.96,0.3881
Provider_0014,MA,HEART FAILURE & SHOCK,Cardiovascular,15,22317.85,7124.28,5855.46,0.3192
Provider_0132,MO,SIMPLE PNEUMONIA & PLEURISY,Respiratory,180,7606.19,2211.31,2037.9,0.2907
Provider_0240,NY,STROKE,Neurological,12,18436.45,6241.03,5875.53,0.3385
Provider_0255,UT,CARDIAC ARRHYTHMIA,Cardiovascular,230,19355.18,7070.5,6152.06,0.3653
Provider_0069,NY,DIGESTIVE MALIGNANCY,Digestive,105,17445.36,6264.81,5903.37,0.3591
Provider_0027,CT,CORONARY BYPASS,Cardiovascular,354,19900.65,6310.84,5517.3,0.3171
Provider_0263,OR,MAJOR JOINT REPLACEMENT - LOWER EXTREMITY,Orthopedic,33,34433.22,12020.44,11204.26,0.3491
Provider_0181,NJ,SIMPLE PNEUMONIA & PLEURISY,Respiratory,61,12647.96,4192.78,3703.44,0.3315
Provider_0272,NJ,DIGESTIVE MALIGNANCY,Digestive,363,14969.03,4714.98,4207.81,0.315
Provider_0142,TX,RADIATION THERAPY,Oncology,34,28551.29,11012.5,9153.63,0.3857
Provider_0229,IL,PANCREATIC DISORDERS,Digestive,66,15687.67,5556.82,4560.29,0.3542
Provider_0089,PA,INFLAMMATORY BOWEL DISEASE,Digestive,457,12079.75,4161.91,3750.29,0.3445
Provider_0246,NC,GI HEMORRHAGE,Digestive,44,11846.03,4776.07,4053.45,0.4032
Provider_0187,TN,HIP & FEMUR PROCEDURES,Orthopedic,61,29150.03,8984.97,7293.42,0.3082
Provider_0152,VA,CARDIAC ARRHYTHMIA,Cardiovascular,149,19505.35,7728.7,6669.0,0.3962
Provider_0176,AL,RESPIRATORY INFECTIONS,Respiratory,204,8668.69,2724.94,2431.42,0.3143
Provider_0210,OH,CARDIAC CATHETERIZATION,Cardiovascular,190,18406.08,6607.37,5934.02,0.359
Provider_0071,WA,SIMPLE PNEUMONIA & PLEURISY,Respiratory,33,12908.77,4906.76,4377.79,0.3801
Provider_0087,WI,KIDNEY TRANSPLANT,Renal,141,10442.54,3026.99,2684.95,0.2899
Provider_0151,LA,GI HEMORRHAGE,Digestive,50,11666.55,4148.0,3398.68,0.3555
Provider_0126,TN,RESPIRATORY INFECTIONS,Respiratory,51,8472.3,2729.17,2251.76,0.3221
Provider_0049,IN,MAJOR JOINT REPLACEMENT - LOWER EXTREMITY,Orthopedic,118,22679.16,8578.16,6930.27,0.3782
Provider_0133,MI,PULMONARY EDEMA,Respiratory,18,9724.96,3082.97,2710.38,0.317
Provider_0213,AL,HIP & FEMUR PROCEDURES,Orthopedic,66,28428.33,8080.68,7674.95,0.2842
Provider_0054,OK,KNEE PROCEDURES,Orthopedic,221,27403.3,8397.52,7601.19,0.3064
Provider_0006,IN,CHRONIC OBSTRUCTIVE PULMONARY,Respiratory,165,7704.04,2158.11,1958.02,0.2801
Provider_0154,TX,INFLAMMATORY BOWEL DISEASE,Digestive,67,13418.69,3840.96,3631.96,0.2862
Provider_0120,MO,PULMONARY EDEMA,Respiratory,198,9505.7,3038.23,2630.18,0.3196
Provider_0234,OK,CARDIAC ARRHYTHMIA,Cardiovascular,67,17878.55,6665.85,5674.35,0.3728
Provider_0004,KY,HEART FAILURE & SHOCK,Cardiovascular,81,16183.02,5117.32,4643.12,0.3162
Provider_0230,PA,HIP & FEMUR PROCEDURES,Orthopedic,55,32451.21,9636.06,7952.69,0.2969
Provider_0152,NJ,INFLAMMATORY BOWEL DISEASE,Digestive,70,13474.46,4477.68,4044.76,0.3323
Provider_0016,OK,STROKE,Neurological,177,11445.25,3336.62,2670.65,0.2915
Provider_0254,CO,RESPIRATORY INFECTIONS,Respiratory,52,11371.01,3453.45,3193.75,0.3037
Provider_0082,PA,SEIZURES,Neurological,76,18657.56,5785.02,5076.35,0.3101
Provider_0065,MN,KNEE PROCEDURES,Orthopedic,104,35759.53,10911.03,8770.43,0.3051
Provider_0209,IL,TRANSIENT ISCHEMIA,Neurological,104,17409.98,5059.72,4577.7,0.2906
Provider_0269,CT,CARDIAC ARRHYTHMIA,Cardiovascular,133,21299.18,6612.17,5541.84,0.3104
Provider_0156,VA,BREAST PROCEDURES,Oncology,143,20239.32,6972.36,6509.56,0.3445
Provider_0075,TX,LYMPHOMA & LEUKEMIA,Oncology,166,28734.6,8671.95,7233.33,0.3018
Provider_0164,TN,CORONARY BYPASS,Cardiovascular,130,18161.29,5171.07,4596.95,0.2847
Provider_0106,OH,PULMONARY EDEMA,Respiratory,30,7788.89,2610.51,2251.46,0.3352
Provider_0005,VA,RADIATION THERAPY,Oncology,156,22367.29,7233.52,6798.65,0.3234
Provider_0008,CT,TRANSIENT ISCHEMIA,Neurological,94,20512.16,7428.58,6870.82,0.3622
Provider_0168,IN,STROKE,Neurological,139,15158.84,4267.17,3694.86,0.2815
Provider_0150,CA,RENAL FAILURE,Renal,256,13432.69,4149.39,3747.34,0.3089
Provider_0297,MI,DIGESTIVE MALIGNANCY,Digestive,44,11075.08,4578.52,3941.24,0.4134
Provider_0040,NJ,CARDIAC ARRHYTHMIA,Cardiovascular,75,20136.41,7078.02,6145.51,0.3515
Provider_0286,WA,KNEE PROCEDURES,Orthopedic,40,37107.92,14067.64,11577.59,0.3791
Provider_0118,KY,CARDIAC ARRHYTHMIA,Cardiovascular,43,15851.4,4480.94,4103.98,0.2827
Provider_0008,TX,MAJOR JOINT REPLACEMENT - LOWER EXTREMITY,Orthopedic,188,34953.08,12201.81,10137.33,0.3491
Provider_0062,IN,MAJOR JOINT REPLACEMENT - LOWER EXTREMITY,Orthopedic,290,22837.01,9536.2,8859.48,0.4176
Provider_0121,UT,LYMPHOMA & LEUKEMIA,Oncology,315,21957.68,7005.07,6098.88,0.319
Provider_0173,WA,PULMONARY EDEMA,Respiratory,58,11430.44,4596.28,3709.83,0.4021
Provider_0259,GA,CARDIAC CATHETERIZATION,Cardiovascular,149,16299.77,6648.31,5593.45,0.4079
Provider_0172,IL,CORONARY BYPASS,Cardiovascular,204,22722.2,6976.67,6280.32,0.307
Provider_0279,SC,SIMPLE PNEUMONIA & PLEURISY,Respiratory,74,9041.03,3780.99,3205.12,0.4182
Provider_0295,CA,CARDIAC ARRHYTHMIA,Cardiovascular,154,28494.82,9468.06,8855.65,0.3323
Provider_0206,KY,CHEMOTHERAPY,Oncology,108,18390.54,5825.33,4694.57,0.3168
Provider_0083,MI,CORONARY BYPASS,Cardiovascular,113,18129.48,6542.62,5739.6,0.3609
Provider_0071,WA,SEIZURES,Neurological,70,18953.8,7822.75,6338.88,0.4127
Provider_0003,WI,RESPIRATORY INFECTIONS,Respiratory,163,7727.48,3152.98,2532.15,0.408
Provider_0014,KY,KNEE PROCEDURES,Orthopedic,52,24523.41,9735.3,9200.66,0.397
Provider_0235,FL,CHRONIC OBSTRUCTIVE PULMONARY,Respiratory,184,8965.93,3640.46,3197.95,0.406
Provider_0142,CA,DIGESTIVE MALIGNANCY,Digestive,36,16641.12,6224.86,5831.09,0.3741
Provider_0137,MN,BREAST PROCEDURES,Oncology,81,23126.83,8272.18,6851.07,0.3577
Provider_0281,IN,PULMONARY EDEMA,Respiratory,29,8426.12,2379.88,2165.89,0.2824
Provider_0252,NJ,DIGESTIVE MALIGNANCY,Digestive,84,16894.93,6471.28,5311.25,0.383
Provider_0236,AL,SPINAL FUSION,Orthopedic,34,21276.76,6369.69,5810.58,0.2994
Provider_0126,UT,KIDNEY TRANSPLANT,Renal,121,11992.51,3388.72,2869.46,0.2826
Provider_0182,GA,KNEE PROCEDURES,Orthopedic,239,28978.27,9190.51,8300.82,0.3172
Provider_0122,AZ,SIMPLE PNEUMONIA & PLEURISY,Respiratory,330,10609.48,3932.32,3347.3,0.3706
Provider_0249,VA,SPINAL FUSION,Orthopedic,47,27487.54,11512.72,9551.08,0.4188
Provider_0008,CO,RADIATION THERAPY,Oncology,165,27323.31,10451.78,8918.62,0.3825
Provider_0117,SC,CARDIAC CATHETERIZATION,Cardiovascular,522,14464.27,5601.2,4765.61,0.3872
Provider_0209,OR,INTRACRANIAL HEMORRHAGE,Neurological,85,17129.2,7182.65,6176.12,0.4193
Provider_0027,PA,CHRONIC OBSTRUCTIVE PULMONARY,Respiratory,77,8205.3,2407.24,2163.7,0.2934
Provider_0265,GA,MAJOR JOINT REPLACEMENT - LOWER EXTREMITY,Orthopedic,19,29713.52,10751.56,8662.72,0.3618
Provider_0201,UT,INFLAMMATORY BOWEL DISEASE,Digestive,322,12910.45,4364.55,4100.72,0.3381
Provider_0234,UT,CHEMOTHERAPY,Oncology,145,23011.1,8987.08,8185.62,0.3906
Provider_0128,WA,RADIATION THERAPY,Oncology,46,28551.17,8122.49,6599.36,0.2845
Provider_0096,MI,KIDNEY TRANSPLANT,Renal,118,11344.94,3755.37,3203.15,0.331
Provider_0172,CT,GI HEMORRHAGE,Digestive,87,17970.86,7497.41,6990.02,0.4172
Provider_0278,LA,INFLAMMATORY BOWEL DISEASE,Digestive,11,9784.48,3724.3,3316.66,0.3806
Provider_0051,CO,CARDIAC CATHETERIZATION,Cardiovascular,274,19369.69,7402.28,6822.33,0.3822
Provider_0128,MA,BREAST PROCEDURES,Oncology,218,31122.84,12156.47,11211.68,0.3906
Provider_0046,SC,SEIZURES,Neurological,15,15396.39,5448.15,4959.91,0.3539
Provider_0262,MA,LYMPHOMA & LEUKEMIA,Oncology,19,29921.0,9768.92,8042.18,0.3265
Provider_0296,WI,RADIATION THERAPY,Oncology,10,21554.36,6631.16,6210.87,0.3076
Provider_0215,NJ,CHRONIC OBSTRUCTIVE PULMONARY,Respiratory,159,12129.67,3688.15,3095.25,0.3041
Provider_0127,LA,HIP & FEMUR PROCEDURES,Orthopedic,163,25436.28,8628.06,7634.65,0.3392
Provider_0048,MN,BREAST PROCEDURES,Oncology,160,23272.46,7425.2,6141.07,0.3191
Provider_0272,SC,PERCUTANEOUS CARDIOVASCULAR PROC,Cardiovascular,20,17964.96,6838.31,6219.04,0.3806
Provider_0076,WA,DIGESTIVE MALIGNANCY,Digestive,39,16585.54,6368.55,5490.62,0.384
Provider_0084,CO,BREAST PROCEDURES,Oncology,69,28987.04,8117.35,6699.06,0.28
Provider_0252,AL,CORONARY BYPASS,Cardiovascular,86,13807.38,4376.31,4123.25,0.317
Provider_0227,OR,KIDNEY & URINARY TRACT INFECTIONS,Renal,254,12846.92,4701.62,4136.43,0.366
Provider_0128,TN,HIP & FEMUR PROCEDURES,Orthopedic,149,28267.88,9147.13,8096.73,0.3236
Provider_0288,MO,CARDIAC ARRHYTHMIA,Cardiovascular,86,17804.97,7165.27,6537.47,0.4024
Provider_0284,AL,KIDNEY & URINARY TRACT INFECTIONS,Renal,50,8777.08,2864.17,2407.25,0.3263
Provider_0212,MO,HIP & FEMUR PROCEDURES,Orthopedic,325,26386.89,8694.55,7995.28,0.3295
Provider_0134,NJ,DIGESTIVE MALIGNANCY,Digestive,204,17312.27,7217.04,6625.24,0.4169
Provider_0114,MI,SPINAL FUSION,Orthopedic,64,31649.08,11519.02,9522.03,0.364
Provider_0035,NJ,HIP & FEMUR PROCEDURES,Orthopedic,387,31222.12,10679.7,8842.11,0.3421
Provider_0182,TX,KIDNEY TRANSPLANT,Renal,124,10811.14,3904.22,3512.9,0.3611
Provider_0174,OH,CHEMOTHERAPY,Oncology,108,21200.95,6807.09,5479.79,0.3211
Provider_0014,OH,SPINAL FUSION,Orthopedic,364,28553.71,11617.23,10748.88,0.4069
Provider_0037,AL,DIGESTIVE MALIGNANCY,Digestive,70,9445.19,3138.73,2667.72,0.3323
Provider_0068,TN,INTRACRANIAL HEMORRHAGE,Neurological,335,12973.17,5338.55,4565.94,0.4115
Provider_0120,TN,GI HEMORRHAGE,Digestive,166,12687.12,4143.26,3627.35,0.3266
Provider_0008,MN,MAJOR JOINT REPLACEMENT - LOWER EXTREMITY,Orthopedic,22,28458.08,8673.63,6976.01,0.3048
Provider_0241,OK,CARDIAC ARRHYTHMIA,Cardiovascular,14,16963.27,5412.5,4800.39,0.3191
Provider_0212,OR,KIDNEY & URINARY TRACT INFECTIONS,Renal,340,14347.97,4435.47,3755.42,0.3091
Provider_0043,UT,RENAL FAILURE,Renal,316,9891.97,3081.2,2722.92,0.3115
Provider_0179,OR,CARDIAC CATHETERIZATION,Cardiovascular,10,22077.05,9226.64,8502.23,0.4179
Provider_0146,PA,KNEE PROCEDURES,Orthopedic,99,29899.67,10245.64,9387.86,0.3427
Provider_0269,OK,CARDIAC ARRHYTHMIA,Cardiovascular,41,13960.59,5186.86,4679.49,0.3715
Provider_0132,WI,HIP & FEMUR PROCEDURES,Orthopedic,214,32835.56,10077.37,8193.02,0.3069
Provider_0024,MN,PERCUTANEOUS CARDIOVASCULAR PROC,Cardiovascular,130,20458.68,6470.95,6058.9,0.3163
Provider_0208,MA,GI HEMORRHAGE,Digestive,123,17170.31,5809.49,5307.51,0.3383
Provider_0074,GA,PULMONARY EDEMA,Respiratory,65,9802.18,3880.76,3327.46,0.3959
Provider_0190,IN,PULMONARY EDEMA,Respiratory,32,9855.13,3611.49,3420.85,0.3665
Provider_0081,MN,HIP & FEMUR PROCEDURES,Orthopedic,46,31121.97,10106.75,8339.52,0.3247
Provider_0277,WA,CORONARY BYPASS,Cardiovascular,127,20269.42,7573.74,6907.64,0.3737
Provider_0013,GA,CARDIAC ARRHYTHMIA,Cardiovascular,44,19865.64,7560.75,6131.36,0.3806
Provider_0184,UT,SPINAL FUSION,Orthopedic,11,30130.45,10270.63,8525.81,0.3409
Provider_0159,NC,MAJOR JOINT REPLACEMENT - LOWER EXTREMITY,Orthopedic,14,22265.89,6606.11,5928.08,0.2967
Provider_0078,AL,SIMPLE PNEUMONIA & PLEURISY,Respiratory,86,8978.18,3013.64,2693.41,0.3357
Provider_0052,OK,KIDNEY & URINARY TRACT INFECTIONS,Renal,233,9631.12,2935.96,2559.05,0.3048
Provider_0099,AL,DIGESTIVE MALIGNANCY,Digestive,45,9977.48,3400.19,2787.03,0.3408
Provider_0052,WI,GI HEMORRHAGE,Digestive,87,11608.1,4738.04,3879.71,0.4082
Provider_0198,MA,PULMONARY EDEMA,Respiratory,258,11836.21,3349.26,2793.69,0.283
Provider_0115,UT,CARDIAC CATHETERIZATION,Cardiovascular,103,19644.71,6791.28,5880.9,0.3457
Provider_0047,TN,KNEE PROCEDURES,Orthopedic,44,29279.11,9563.49,7862.42,0.3266
Provider_0008,NY,HEART FAILURE & SHOCK,Cardiovascular,27,26980.14,8692.23,6978.0,0.3222
Provider_0299,WI,CORONARY BYPASS,Cardiovascular,173,21080.37,7871.55,6586.33,0.3734
Provider_0231,FL,CORONARY BYPASS,Cardiovascular,56,17610.12,5436.7,4992.42,0.3087
Provider_0222,MA,CARDIAC CATHETERIZATION,Cardiovascular,94,26861.39,10081.88,9422.39,0.3753
Provider_0023,WA,LYMPHOMA & LEUKEMIA,Oncology,126,25351.12,9021.53,7340.7,0.3559
Provider_0251,MI,INFLAMMATORY BOWEL DISEASE,Digestive,259,14122.36,5201.77,4530.47,0.3683
Provider_0227,MO,PERCUTANEOUS CARDIOVASCULAR PROC,Cardiovascular,67,16117.56,5842.27,5241.4,0.3625
Provider_0106,IL,BREAST PROCEDURES,Oncology,187,23812.97,9439.42,7940.31,0.3964
Provider_0155,CT,HIP & FEMUR PROCEDURES,Orthopedic,55,33017.12,13714.58,11300.97,0.4154
Provider_0009,WA,RENAL FAILURE,Renal,154,12388.45,3538.99,3045.06,0.2857
Provider_0045,TX,CORONARY BYPASS,Cardiovascular,38,18708.47,6035.25,5293.95,0.3226
Provider_0094,CA,BREAST PROCEDURES,Oncology,15,30141.91,10119.04,8565.99,0.3357
Provider_0116,OK,INTRACRANIAL HEMORRHAGE,Neurological,475,11365.18,4649.63,4054.65,0.4091
Provider_0026,IN,KIDNEY & URINARY TRACT INFECTIONS,Renal,203,10674.04,4478.65,3889.17,0.4196
Provider_0087,WI,STROKE,Neurological,23,14696.39,4317.98,3855.37,0.2938
Provider_0036,NJ,INTRACRANIAL HEMORRHAGE,Neurological,55,20870.72,7258.12,6871.55,0.3478
Provider_0286,IN,CHRONIC OBSTRUCTIVE PULMONARY,Respiratory,44,9178.13,3605.64,3035.55,0.3929
Provider_0082,IL,CARDIAC CATHETERIZATION,Cardiovascular,164,23543.09,7368.9,6899.05,0.313
Provider_0245,NC,KIDNEY & URINARY TRACT INFECTIONS,Renal,69,12062.29,4098.7,3619.99,0.3398
Provider_0090,CA,CARDIAC CATHETERIZATION,Cardiovascular,45,28782.56,8174.49,6784.49,0.284
Provider_0286,KY,DIGESTIVE MALIGNANCY,Digestive,91,12339.28,4685.09,4155.64,0.3797
Provider_0158,TX,PERCUTANEOUS CARDIOVASCULAR PROC,Cardiovascular,195,18562.89,6281.44,5355.37,0.3384
Provider_0078,UT,HEART FAILURE & SHOCK,Cardiovascular,28,19740.21,8028.56,6946.24,0.4067
Provider_0025,KY,CARDIAC ARRHYTHMIA,Cardiovascular,100,14745.41,4716.38,4314.42,0.3199
Provider_0120,FL,SEIZURES,Neurological,66,14339.08,5287.24,4927.81,0.3687
Provider_0100,MD,BREAST PROCEDURES,Oncology,67,25067.84,8591.51,7319.34,0.3427
Provider_0299,IL,DIGESTIVE MALIGNANCY,Digestive,64,15678.65,5494.61,4778.76,0.3505
Provider_0010,MA,SEIZURES,Neurological,96,22130.66,8603.53,7900.51,0.3888
Provider_0188,TN,HIP & FEMUR PROCEDURES,Orthopedic,278,23132.43,6899.57,6529.34,0.2983
Provider_0226,VA,KIDNEY & URINARY TRACT INFECTIONS,Renal,92,13089.27,4527.25,4266.24,0.3459
Provider_0044,MI,SIMPLE PNEUMONIA & PLEURISY,Respiratory,135,9417.98,3285.5,2713.06,0.3489
Provider_0043,LA,CORONARY BYPASS,Cardiovascular,134,15478.21,6106.02,5404.91,0.3945
Provider_0280,MO,HEART FAILURE & SHOCK,Cardiovascular,199,18424.57,5771.03,4866.71,0.3132
Provider_0038,NY,RENAL FAILURE,Renal,67,13937.7,5156.75,4540.23,0.37
Provider_0114,FL,SEIZURES,Neurological,37,15430.78,5068.32,4622.36,0.3285
Provider_0026,NY,KIDNEY TRANSPLANT,Renal,20,16549.17,5727.19,5361.7,0.3461
Provider_0136,NJ,CARDIAC CATHETERIZATION,Cardiovascular,151,25709.11,10268.67,9713.43,0.3994
Provider_0012,UT,PANCREATIC DISORDERS,Digestive,124,14169.16,4063.12,3251.12,0.2868
Provider_0102,SC,RESPIRATORY INFECTIONS,Respiratory,289,8989.57,3094.95,2592.85,0.3443
Provider_0259,NC,CARDIAC CATHETERIZATION,Cardiovascular,84,14349.06,4051.5,3557.35,0.2824
Provider_0175,SC,BREAST PROCEDURES,Oncology,63,21866.61,7726.9,6844.6,0.3534
Provider_0275,AZ,PANCREATIC DISORDERS,Digestive,38,12503.62,5094.58,4325.36,0.4074
Provider_0094,OR,LYMPHOMA & LEUKEMIA,Oncology,44,26453.87,10256.9,8582.14,0.3877
Provider_0051,IN,RENAL FAILURE,Renal,226,11487.15,4074.55,3345.91,0.3547
Provider_0173,WI,INFLAMMATORY BOWEL DISEASE,Digestive,27,12515.68,3796.21,3337.99,0.3033
Provider_0060,MN,RESPIRATORY INFECTIONS,Respiratory,197,8994.18,2601.39,2288.63,0.2892
Provider_0281,NC,MAJOR JOINT REPLACEMENT - LOWER EXTREMITY,Orthopedic,266,27962.97,8092.7,6781.46,0.2894
Provider_0236,KY,CARDIAC CATHETERIZATION,Cardiovascular,80,17244.43,6021.37,5377.33,0.3492
Provider_0085,IL,GI HEMORRHAGE,Digestive,350,14242.25,5966.05,4853.03,0.4189
Provider_0060,UT,PANCREATIC DISORDERS,Digestive,80,13199.1,5298.88,4273.39,0.4015
Provider_0146,IL,RENAL FAILURE,Renal,16,13045.65,4434.19,3767.26,0.3399
Provider_0259,LA,TRANSIENT ISCHEMIA,Neurological,23,13890.05,5324.24,4872.17,0.3833
Provider_0087,CO,RENAL FAILURE,Renal,38,12443.73,4431.25,3856.07,0.3561
Provider_0178,OR,TRANSIENT ISCHEMIA,Neurological,95,14630.35,5854.49,4955.62,0.4002
Provider_0191,WI,CARDIAC ARRHYTHMIA,Cardiovascular,349,18211.57,7641.79,6715.01,0.4196
Provider_0136,MA,CHRONIC OBSTRUCTIVE PULMONARY,Respiratory,117,12524.88,4989.39,4213.64,0.3984
Provider_0031,NY,RENAL FAILURE,Renal,81,16608.66,6641.15,5598.95,0.3999
Provider_0038,CA,PULMONARY EDEMA,Respiratory,86,12682.69,4491.81,3810.22,0.3542
Provider_0201,FL,PANCREATIC DISORDERS,Digestive,88,13570.2,4927.56,4414.81,0.3631
Provider_0193,IL,PERCUTANEOUS CARDIOVASCULAR PROC,Cardiovascular,34,21935.09,6315.96,5586.91,0.2879
Provider_0063,WA,PULMONARY EDEMA,Respiratory,37,11632.26,4675.78,4265.47,0.402
Provider_0018,MD,CARDIAC CATHETERIZATION,Cardiovascular,118,24008.7,8057.53,6702.48,0.3356
Provider_0273,LA,SPINAL FUSION,Orthopedic,51,25947.54,10544.78,9957.9,0.4064
Provider_0016,MN,KNEE PROCEDURES,Orthopedic,90,31833.35,11664.4,10040.41,0.3664
Provider_0047,PA,TRANSIENT ISCHEMIA,Neurological,394,15834.75,6107.67,5573.99,0.3857
Provider_0278,NJ,MAJOR JOINT REPLACEMENT - LOWER EXTREMITY,Orthopedic,89,33678.94,11922.2,10057.79,0.354
Provider_0239,NC,MAJOR JOINT REPLACEMENT - LOWER EXTREMITY,Orthopedic,598,28325.99,11645.84,10761.25,0.4111
Provider_0218,LA,MAJOR JOINT REPLACEMENT - LOWER EXTREMITY,Orthopedic,119,22247.66,7914.2,6657.41,0.3557
Provider_0071,AZ,SPINAL FUSION,Orthopedic,167,29686.92,11272.02,9732.3,0.3797
Provider_0081,TN,CHRONIC OBSTRUCTIVE PULMONARY,Respiratory,156,7166.22,2918.4,2428.85,0.4072
Provider_0281,WI,PERCUTANEOUS CARDIOVASCULAR PROC,Cardiovascular,259,18785.84,5755.0,4850.27,0.3063
Provider_0264,NC,RADIATION THERAPY,Oncology,28,24012.3,7073.11,6069.83,0.2946
Provider_0245,IN,RENAL FAILURE,Renal,14,9056.36,2820.6,2599.65,0.3114
Provider_0257,CO,PERCUTANEOUS CARDIOVASCULAR PROC,Cardiovascular,173,18561.14,5542.72,4452.77,0.2986
Provider_0230,IN,BREAST PROCEDURES,Oncology,65,23103.38,7524.42,6841.02,0.3257
Provider_0288,MO,GI HEMORRHAGE,Digestive,43,10631.69,4391.16,3893.96,0.413
Provider_0040,MO,STROKE,Neurological,21,16364.95,5195.84,4820.12,0.3175
Provider_0269,CA,PERCUTANEOUS CARDIOVASCULAR PROC,Cardiovascular,106,20867.75,7607.19,6251.57,0.3645
Provider_0264,AL,HIP & FEMUR PROCEDURES,Orthopedic,91,23511.56,8595.46,6933.71,0.3656
Provider_0256,AL,HIP & FEMUR PROCEDURES,Orthopedic,12,27159.63,8268.96,7254.57,0.3045
Provider_0238,MN,GI HEMORRHAGE,Digestive,107,13970.46,4213.08,3779.05,0.3016
Provider_0177,MD,SIMPLE PNEUMONIA & PLEURISY,Respiratory,34,12500.67,5209.74,4745.88,0.4168
Provider_0249,MD,SIMPLE PNEUMONIA & PLEURISY,Respiratory,116,10341.14,3593.99,3197.23,0.3475
Provider_0189,TN,STROKE,Neurological,10,15674.33,4981.31,4484.12,0.3178
Provider_0203,TN,PERCUTANEOUS CARDIOVASCULAR PROC,Cardiovascular,37,19207.78,6729.18,6308.93,0.3503
Provider_0061,LA,SEIZURES,Neurological,39,11132.76,4233.32,3605.37,0.3803
Provider_0261,PA,DIGESTIVE MALIGNANCY,Digestive,32,12213.27,4118.17,3509.94,0.3372
Provider_0031,IN,STROKE,Neurological,227,12052.63,4964.82,4706.39,0.4119
Provider_0278,VA,CORONARY BYPASS,Cardiovascular,118,20327.48,7847.45,6416.84,0.3861
Provider_0106,PA,PANCREATIC DISORDERS,Digestive,131,11397.52,4343.77,3945.46,0.3811
Provider_0169,TX,CORONARY BYPASS,Cardiovascular,381,17721.04,6692.25,5861.98,0.3776
Provider_0016,OR,CARDIAC CATHETERIZATION,Cardiovascular,427,18213.57,5252.47,4959.65,0.2884
Provider_0241,AZ,CARDIAC CATHETERIZATION,Cardiovascular,187,16008.34,5382.59,4951.24,0.3362
Provider_0270,MD,SPINAL FUSION,Orthopedic,241,34876.87,14106.75,13269.85,0.4045
Provider_0113,MO,SPINAL FUSION,Orthopedic,127,28735.25,9174.67,8106.0,0.3193
Provider_0017,MN,CORONARY BYPASS,Cardiovascular,121,22984.65,7528.26,6144.73,0.3275
Provider_0058,MI,HEART FAILURE & SHOCK,Cardiovascular,36,16923.68,6268.64,5810.41,0.3704
Provider_0109,MO,STROKE,Neurological,565,15158.57,5813.95,4867.11,0.3835
Provider_0148,VA,SPINAL FUSION,Orthopedic,332,28843.98,8402.51,7210.14,0.2913
Provider_0189,AL,INTRACRANIAL HEMORRHAGE,Neurological,16,12107.26,4778.64,3880.18,0.3947
Provider_0275,WA,CORONARY BYPASS,Cardiovascular,63,22988.3,6928.77,5611.79,0.3014
Provider_0260,OH,PULMONARY EDEMA,Respiratory,142,9345.31,3653.12,3193.6,0.3909
Provider_0281,PA,CARDIAC CATHETERIZATION,Cardiovascular,231,17586.45,4938.29,4433.1,0.2808
Provider_0002,UT,RENAL FAILURE,Renal,17,9663.74,3575.79,3110.11,0.37
Provider_0106,UT,INTRACRANIAL HEMORRHAGE,Neurological,13,16688.29,5174.46,4787.26,0.3101
Provider_0128,CA,HIP & FEMUR PROCEDURES,Orthopedic,45,32553.6,10467.3,9291.75,0.3215
Provider_0009,CT,CARDIAC CATHETERIZATION,Cardiovascular,117,25884.19,8989.67,7195.73,0.3473
Provider_0235,NJ,RADIATION THERAPY,Oncology,59,30639.64,8828.47,8293.18,0.2881
Provider_0129,NJ,CHRONIC OBSTRUCTIVE PULMONARY,Respiratory,187,10692.8,3115.01,2900.82,0.2913
Provider_0276,OR,CARDIAC ARRHYTHMIA,Cardiovascular,107,22740.99,7370.53,6475.39,0.3241
Provider_0028,TX,CHRONIC OBSTRUCTIVE PULMONARY,Respiratory,67,9016.39,3676.86,2992.53,0.4078
Provider_0250,MI,HEART FAILURE & SHOCK,Cardiovascular,361,17190.76,6421.96,5850.55,0.3736
Provider_0061,AZ,RENAL FAILURE,Renal,111,12377.06,4491.72,4185.4,0.3629
Provider_0261,KY,PULMONARY EDEMA,Respiratory,293,7174.99,2582.93,2164.65,0.36
Provider_0271,MD,STROKE,Neurological,33,18739.61,7439.57,6794.27,0.397
Provider_0191,PA,CHRONIC OBSTRUCTIVE PULMONARY,Respiratory,116,11067.19,3945.6,3455.93,0.3565
Provider_0186,NJ,RADIATION THERAPY,Oncology,254,30597.59,12823.72,10436.13,0.4191
Provider_0266,CT,KIDNEY & URINARY TRACT INFECTIONS,Renal,45,15898.33,6508.31,5861.14,0.4094
Provider_0053,WA,CHEMOTHERAPY,Oncology,16,28592.45,8292.81,7512.73,0.29
Provider_0295,TX,KIDNEY TRANSPLANT,Renal,85,13804.82,3895.27,3275.68,0.2822
Provider_0172,MD,KNEE PROCEDURES,Orthopedic,20,29172.98,9260.27,8283.94,0.3174
Provider_0295,WI,CORONARY BYPASS,Cardiovascular,271,16594.46,4930.67,4641.54,0.2971
Provider_0033,NC,SIMPLE PNEUMONIA & PLEURISY,Respiratory,68,8304.82,2519.33,2024.19,0.3034
Provider_0034,PA,PANCREATIC DISORDERS,Digestive,118,12691.6,4303.99,3606.24,0.3391
Provider_0153,AL,HEART FAILURE & SHOCK,Cardiovascular,48,16864.18,4836.6,4341.71,0.2868
Provider_0218,CO,CHRONIC OBSTRUCTIVE PULMONARY,Respiratory,40,10797.24,3563.44,3367.09,0.33
Provider_0207,TX,PULMONARY EDEMA,Respiratory,11,10313.17,3960.89,3297.61,0.3841
Provider_0023,AZ,MAJOR JOINT REPLACEMENT - LOWER EXTREMITY,Orthopedic,162,28471.15,11578.93,10235.78,0.4067
Provider_0110,GA,INTRACRANIAL HEMORRHAGE,Neurological,199,12312.07,4020.18,3499.89,0.3265
Provider_0031,GA,CORONARY BYPASS,Cardiovascular,554,16166.2,6506.87,5953.74,0.4025
Provider_0289,IL,SIMPLE PNEUMONIA & PLEURISY,Respiratory,196,10446.06,3352.36,3011.65,0.3209
Provider_0109,NY,BREAST PROCEDURES,Oncology,111,35629.8,14606.45,12843.76,0.41
Provider_0245,PA,CARDIAC CATHETERIZATION,Cardiovascular,37,18519.59,6829.88,5482.5,0.3688
Provider_0259,IL,TRANSIENT ISCHEMIA,Neurological,81,19285.54,7494.2,6319.28,0.3886
Provider_0010,MI,SEIZURES,Neurological,67,15398.61,4863.47,4372.73,0.3158
Provider_0034,SC,PANCREATIC DISORDERS,Digestive,24,9731.67,2839.71,2535.87,0.2918
Provider_0047,NC,CHRONIC OBSTRUCTIVE PULMONARY,Respiratory,192,9494.12,2873.71,2617.75,0.3027
Provider_0176,MO,CARDIAC CATHETERIZATION,Cardiovascular,353,14952.84,5574.14,5021.27,0.3728
Provider_0213,SC,PULMONARY EDEMA,Respiratory,11,8113.88,2669.48,2367.96,0.329
Provider_0234,MD,KNEE PROCEDURES,Orthopedic,74,35282.42,10919.04,9290.05,0.3095
Provider_0246,MI,HIP & FEMUR PROCEDURES,Orthopedic,49,27011.91,8223.99,6980.61,0.3045
Provider_0122,KY,TRANSIENT ISCHEMIA,Neurological,42,13849.43,5659.52,5109.73,0.4086
Provider_0228,KY,KIDNEY TRANSPLANT,Renal,37,10451.51,3114.05,2615.11,0.298
Provider_0001,CO,CHRONIC OBSTRUCTIVE PULMONARY,Respiratory,53,10653.79,3909.25,3607.93,0.3669
Provider_0016,MN,LYMPHOMA & LEUKEMIA,Oncology,306,26654.54,8315.32,6683.2,0.312
Provider_0113,MN,PERCUTANEOUS CARDIOVASCULAR PROC,Cardiovascular,14,18395.47,7300.81,6162.49,0.3969
Provider_0090,IN,CARDIAC ARRHYTHMIA,Cardiovascular,77,16633.7,4810.27,4137.87,0.2892
Provider_0111,SC,KIDNEY TRANSPLANT,Renal,76,10608.5,4370.58,3671.54,0.412
Provider_0267,MI,SIMPLE PNEUMONIA & PLEURISY,Respiratory,24,9819.91,3006.31,2635.13,0.3061
Provider_0205,MN,HIP & FEMUR PROCEDURES,Orthopedic,12,31017.3,11239.53,9570.49,0.3624
Provider_0233,CT,SIMPLE PNEUMONIA & PLEURISY,Respiratory,61,10984.33,4386.15,3873.26,0.3993
Provider_0249,CO,HIP & FEMUR PROCEDURES,Orthopedic,57,38104.13,10801.86,9252.06,0.2835
Provider_0036,GA,RESPIRATORY INFECTIONS,Respiratory,216,8900.98,2913.65,2440.57,0.3273
Provider_0122,SC,CARDIAC CATHETERIZATION,Cardiovascular,37,18634.79,5907.77,4859.05,0.317
Provider_0007,TN,KNEE PROCEDURES,Orthopedic,43,29065.08,9913.47,7996.52,0.3411
Provider_0154,UT,CARDIAC ARRHYTHMIA,Cardiovascular,43,21384.49,6012.31,5603.22,0.2812
Provider_0066,KY,CHEMOTHERAPY,Oncology,15,20841.98,6493.97,6076.4,0.3116
Provider_0054,GA,CARDIAC ARRHYTHMIA,Cardiovascular,15,14602.03,5024.99,4119.36,0.3441
Provider_0148,CA,CHRONIC OBSTRUCTIVE PULMONARY,Respiratory,36,12659.93,3750.47,3013.38,0.2962
Provider_0016,LA,BREAST PROCEDURES,Oncology,537,19440.54,7627.36,6944.74,0.3923
Provider_0081,GA,BREAST PROCEDURES,Oncology,228,23113.83,8621.62,7066.25,0.373
Provider_0243,GA,SEIZURES,Neurological,11,15526.32,4388.88,3976.46,0.2827
Provider_0145,SC,HEART FAILURE & SHOCK,Cardiovascular,227,13617.19,5402.74,4435.88,0.3968
Provider_0266,OK,KNEE PROCEDURES,Orthopedic,30,25443.15,9770.69,9160.32,0.384
Provider_0030,GA,KNEE PROCEDURES,Orthopedic,256,25990.73,10740.01,10116.51,0.4132
Provider_0215,NC,CARDIAC CATHETERIZATION,Cardiovascular,69,14254.63,4537.85,4037.07,0.3183
Provider_0235,MA,PANCREATIC DISORDERS,Digestive,176,16480.2,6389.14,5522.32,0.3877
Provider_0026,MN,PANCREATIC DISORDERS,Digestive,166,12919.63,5392.56,4596.74,0.4174
Provider_0142,GA,CHEMOTHERAPY,Oncology,18,20941.31,6260.03,5264.07,0.2989
Provider_0083,AZ,RENAL FAILURE,Renal,36,11317.55,4365.96,3889.03,0.3858
Provider_0066,KY,PULMONARY EDEMA,Respiratory,55,8485.39,2894.15,2741.13,0.3411
Provider_0131,MD,SEIZURES,Neurological,136,18836.83,7352.04,6161.61,0.3903
Provider_0143,SC,SIMPLE PNEUMONIA & PLEURISY,Respiratory,267,9422.37,3198.33,2959.16,0.3394
Provider_0230,PA,INTRACRANIAL HEMORRHAGE,Neurological,114,16176.73,5432.31,4443.32,0.3358
Provider_0268,AL,KIDNEY & URINARY TRACT INFECTIONS,Renal,74,8946.86,3664.42,3138.05,0.4096
Provider_0119,CO,SIMPLE PNEUMONIA & PLEURISY,Respiratory,46,12209.55,4324.77,3999.11,0.3542
Provider_0297,GA,PERCUTANEOUS CARDIOVASCULAR PROC,Cardiovascular,148,16749.02,5742.52,4878.25,0.3429
Provider_0037,SC,HEART FAILURE & SHOCK,Cardiovascular,214,16279.16,5688.22,5344.45,0.3494
Provider_0199,OR,CARDIAC CATHETERIZATION,Cardiovascular,40,19906.34,6923.22,6402.22,0.3478
Provider_0101,LA,PANCREATIC DISORDERS,Digestive,247,9510.81,3491.07,2805.93,0.3671
Provider_0167,WI,BREAST PROCEDURES,Oncology,64,20065.74,6938.19,6134.36,0.3458
Provider_0010,OK,PULMONARY EDEMA,Respiratory,59,8399.68,2389.68,1959.56,0.2845
Provider_0205,TN,KIDNEY TRANSPLANT,Renal,17,9161.65,3846.04,3326.68,0.4198
Provider_0292,MI,CARDIAC CATHETERIZATION,Cardiovascular,540,20641.13,7441.38,6081.65,0.3605
Provider_0222,OK,SIMPLE PNEUMONIA & PLEURISY,Respiratory,113,7027.44,2363.91,2012.9,0.3364
Provider_0138,WA,CHEMOTHERAPY,Oncology,348,25153.57,8506.9,7809.7,0.3382
Provider_0143,NC,MAJOR JOINT REPLACEMENT - LOWER EXTREMITY,Orthopedic,90,23151.46,7968.84,7208.21,0.3442
Provider_0279,NY,RENAL FAILURE,Renal,230,17851.36,5399.23,4594.4,0.3025
Provider_0071,NJ,CARDIAC ARRHYTHMIA,Cardiovascular,241,22661.02,8692.88,7772.78,0.3836
Provider_0162,NY,DIGESTIVE MALIGNANCY,Digestive,241,18312.82,5173.43,4306.54,0.2825
Provider_0209,MO,SPINAL FUSION,Orthopedic,59,23909.28,8624.37,8146.38,0.3607
Provider_0242,VA,CARDIAC CATHETERIZATION,Cardiovascular,26,18664.42,7450.86,6973.55,0.3992
Provider_0012,OH,TRANSIENT ISCHEMIA,Neurological,59,15123.15,4450.37,3609.07,0.2943
Provider_0120,CA,SIMPLE PNEUMONIA & PLEURISY,Respiratory,95,14346.33,5118.03,4826.18,0.3567
Provider_0127,SC,DIGESTIVE MALIGNANCY,Digestive,84,11788.88,4166.68,3472.57,0.3534
Provider_0006,CO,KNEE PROCEDURES,Orthopedic,236,32036.55,10108.1,9405.23,0.3155
Provider_0058,NY,CARDIAC ARRHYTHMIA,Cardiovascular,10,25789.95,7583.07,6924.53,0.294
Provider_0052,OH,PANCREATIC DISORDERS,Digestive,50,13482.26,4061.16,3643.16,0.3012
Provider_0242,MN,INFLAMMATORY BOWEL DISEASE,Digestive,93,11121.63,3667.52,3341.03,0.3298
Provider_0271,MA,CARDIAC CATHETERIZATION,Cardiovascular,194,25448.66,8810.14,8237.16,0.3462
Provider_0183,IN,INFLAMMATORY BOWEL DISEASE,Digestive,201,11373.88,3392.86,2823.75,0.2983
Provider_0073,CO,PULMONARY EDEMA,Respiratory,55,8995.97,3404.64,3178.87,0.3785
Provider_0190,PA,RADIATION THERAPY,Oncology,14,22753.52,9249.27,7730.98,0.4065
Provider_0087,LA,CHRONIC OBSTRUCTIVE PULMONARY,Respiratory,194,7536.21,2149.69,2015.7,0.2852
Provider_0288,GA,DIGESTIVE MALIGNANCY,Digestive,18,9889.19,2928.96,2374.52,0.2962
Provider_0198,CA,PULMONARY EDEMA,Respiratory,115,11524.89,3352.17,2754.69,0.2909
Provider_0032,CA,CARDIAC CATHETERIZATION,Cardiovascular,124,25958.94,9019.12,7757.33,0.3474
Provider_0252,GA,KIDNEY TRANSPLANT,Renal,165,9868.42,2901.55,2474.63,0.294
Provider_0050,MO,GI HEMORRHAGE,Digestive,67,11196.59,4625.99,4229.62,0.4132
Provider_0251,CT,CHEMOTHERAPY,Oncology,83,31208.07,10401.57,9161.44,0.3333
Provider_0131,KY,DIGESTIVE MALIGNANCY,Digestive,15,10219.62,3857.01,3635.88,0.3774
Provider_0014,CT,CARDIAC CATHETERIZATION,Cardiovascular,28,20959.66,8525.73,6867.76,0.4068
Provider_0009,MN,SIMPLE PNEUMONIA & PLEURISY,Respiratory,113,9501.3,2767.2,2581.93,0.2912
Provider_0190,UT,SIMPLE PNEUMONIA & PLEURISY,Respiratory,211,8022.95,3095.66,2522.09,0.3859
Provider_0029,VA,DIGESTIVE MALIGNANCY,Digestive,111,14115.19,5786.12,4855.53,0.4099
Provider_0255,MD,RADIATION THERAPY,Oncology,431,27078.34,9356.53,8866.91,0.3455
Provider_0290,SC,CARDIAC ARRHYTHMIA,Cardiovascular,67,16759.41,4856.37,4071.5,0.2898
Provider_0055,NY,PERCUTANEOUS CARDIOVASCULAR PROC,Cardiovascular,150,25026.0,7729.54,6650.6,0.3089
Provider_0084,TX,STROKE,Neurological,185,14973.82,5771.75,5276.07,0.3855
Provider_0262,MI,CARDIAC CATHETERIZATION,Cardiovascular,73,16843.2,6473.15,5301.89,0.3843
Provider_0116,NJ,INFLAMMATORY BOWEL DISEASE,Digestive,72,16813.21,6835.98,6294.48,0.4066
Provider_0257,CT,KIDNEY & URINARY TRACT INFECTIONS,Renal,51,13238.73,4518.64,3823.31,0.3413
Provider_0288,GA,CARDIAC ARRHYTHMIA,Cardiovascular,17,19842.62,7542.8,6075.74,0.3801
Provider_0134,NY,DIGESTIVE MALIGNANCY,Digestive,71,17266.42,6793.11,6289.52,0.3934
Provider_0153,TX,MAJOR JOINT REPLACEMENT - LOWER EXTREMITY,Orthopedic,19,34982.69,14048.73,12586.45,0.4016
Provider_0143,TN,SEIZURES,Neurological,16,11523.35,3262.29,2613.92,0.2831
Provider_0214,MI,CORONARY BYPASS,Cardiovascular,529,17572.4,5233.74,4615.29,0.2978
Provider_0152,VA,CARDIAC CATHETERIZATION,Cardiovascular,108,20793.77,7941.86,7147.52,0.3819
Provider_0071,VA,RENAL FAILURE,Renal,133,13125.12,3685.42,3496.72,0.2808
Provider_0145,OR,KNEE PROCEDURES,Orthopedic,180,26912.24,10071.7,9563.9,0.3742
Provider_0275,IN,PULMONARY EDEMA,Respiratory,66,9916.21,4157.61,3397.67,0.4193
Provider_0172,OR,PERCUTANEOUS CARDIOVASCULAR PROC,Cardiovascular,155,23530.97,7577.61,6921.89,0.322
Provider_0100,TN,HIP & FEMUR PROCEDURES,Orthopedic,96,26444.79,8224.94,7513.43,0.311
Provider_0090,CT,CHEMOTHERAPY,Oncology,116,32129.1,9843.98,9065.25,0.3064
Provider_0167,GA,RADIATION THERAPY,Oncology,261,19220.81,7499.47,6519.07,0.3902
Provider_0145,UT,CARDIAC CATHETERIZATION,Cardiovascular,190,15887.97,4832.68,3875.05,0.3042
Provider_0121,IL,MAJOR JOINT REPLACEMENT - LOWER EXTREMITY,Orthopedic,492,27347.86,11114.72,10249.0,0.4064
Provider_0024,GA,PULMONARY EDEMA,Respiratory,101,10122.74,4113.16,3778.08,0.4063
Provider_0032,GA,HIP & FEMUR PROCEDURES,Orthopedic,198,29668.18,12089.36,9698.38,0.4075
Provider_0030,WA,TRANSIENT ISCHEMIA,Neurological,26,15812.06,4473.52,4000.72,0.2829
Provider_0128,KY,RADIATION THERAPY,Oncology,87,19849.26,5650.2,4724.47,0.2847
Provider_0009,IN,PERCUTANEOUS CARDIOVASCULAR PROC,Cardiovascular,90,15331.92,4657.24,3725.9,0.3038
Provider_0192,SC,BREAST PROCEDURES,Oncology,52,20253.13,6799.26,6127.5,0.3357
Provider_0263,LA,MAJOR JOINT REPLACEMENT - LOWER EXTREMITY,Orthopedic,43,24632.46,8554.53,7563.12,0.3473
Provider_0275,KY,INTRACRANIAL HEMORRHAGE,Neurological,452,14530.28,4917.68,4451.78,0.3384
Provider_0229,VA,PANCREATIC DISORDERS,Digestive,77,10758.63,4408.01,3925.31,0.4097
Provider_0290,TN,SEIZURES,Neurological,553,15604.92,6549.22,5479.76,0.4197
Provider_0049,UT,KIDNEY TRANSPLANT,Renal,55,10030.69,2952.39,2688.44,0.2943
Provider_0126,AZ,CARDIAC ARRHYTHMIA,Cardiovascular,150,19428.95,5650.87,4658.55,0.2908
Provider_0288,OR,PERCUTANEOUS CARDIOVASCULAR PROC,Cardiovascular,97,21711.4,8785.64,8235.52,0.4047
Provider_0014,OR,CARDIAC CATHETERIZATION,Cardiovascular,177,19394.5,5901.25,4808.09,0.3043
Provider_0003,VA,CARDIAC ARRHYTHMIA,Cardiovascular,148,16195.53,4801.28,4449.13,0.2965
Provider_0155,NY,CHRONIC OBSTRUCTIVE PULMONARY,Respiratory,379,12963.53,5288.27,4998.32,0.4079
Provider_0177,SC,INTRACRANIAL HEMORRHAGE,Neurological,105,13312.93,5363.59,4371.36,0.4029
Provider_0145,CO,DIGESTIVE MALIGNANCY,Digestive,146,15947.77,5297.88,4907.06,0.3322
Provider_0072,VA,MAJOR JOINT REPLACEMENT - LOWER EXTREMITY,Orthopedic,308,29804.38,9492.86,7796.25,0.3185
Provider_0007,WI,SPINAL FUSION,Orthopedic,69,28983.37,9233.99,7629.89,0.3186
Provider_0263,OK,LYMPHOMA & LEUKEMIA,Oncology,148,21629.51,8199.28,7058.62,0.3791
Provider_0193,GA,BREAST PROCEDURES,Oncology,54,24630.78,7989.54,7175.78,0.3244
Provider_0077,MA,HEART FAILURE & SHOCK,Cardiovascular,26,27296.85,9652.68,8868.27,0.3536
Provider_0256,NJ,CHEMOTHERAPY,Oncology,270,32290.06,9993.62,8930.73,0.3095
Provider_0203,SC,RENAL FAILURE,Renal,306,9342.64,3538.62,3189.58,0.3788
Provider_0161,IL,PERCUTANEOUS CARDIOVASCULAR PROC,Cardiovascular,13,19794.27,7470.84,6259.74,0.3774
Provider_0067,UT,PERCUTANEOUS CARDIOVASCULAR PROC,Cardiovascular,104,20824.14,7415.4,6197.34,0.3561
Provider_0206,UT,SPINAL FUSION,Orthopedic,36,30097.28,10357.43,9516.85,0.3441
Provider_0296,FL,INTRACRANIAL HEMORRHAGE,Neurological,70,19344.98,7606.14,6267.4,0.3932
Provider_0282,MO,SPINAL FUSION,Orthopedic,179,28342.28,9958.98,9178.42,0.3514
Provider_0171,OR,SPINAL FUSION,Orthopedic,38,28425.76,8458.18,7007.09,0.2976
Provider_0115,VA,KNEE PROCEDURES,Orthopedic,248,28314.12,9766.37,8421.17,0.3449
Provider_0040,OH,RADIATION THERAPY,Oncology,313,24274.68,9046.52,7835.97,0.3727
Provider_0092,MN,INTRACRANIAL HEMORRHAGE,Neurological,106,15735.45,4849.85,4467.36,0.3082
Provider_0234,MD,CARDIAC CATHETERIZATION,Cardiovascular,123,22137.13,7044.57,5894.02,0.3182
Provider_0223,SC,DIGESTIVE MALIGNANCY,Digestive,34,9630.97,3873.82,3530.63,0.4022
Provider_0292,CO,CARDIAC ARRHYTHMIA,Cardiovascular,476,23371.0,7531.28,6982.51,0.3222
Provider_0263,UT,SIMPLE PNEUMONIA & PLEURISY,Respiratory,423,10655.59,4137.13,3888.32,0.3883
Provider_0244,MN,LYMPHOMA & LEUKEMIA,Oncology,60,26457.37,8980.65,8312.48,0.3394
Provider_0083,MN,SIMPLE PNEUMONIA & PLEURISY,Respiratory,118,11575.35,3771.9,3539.82,0.3259
Provider_0038,CO,CARDIAC ARRHYTHMIA,Cardiovascular,129,19897.17,6217.98,5794.0,0.3125
Provider_0140,NJ,PERCUTANEOUS CARDIOVASCULAR PROC,Cardiovascular,122,20411.24,8150.48,7255.6,0.3993
Provider_0017,MO,DIGESTIVE MALIGNANCY,Digestive,87,11760.56,3339.49,2679.06,0.284
Provider_0008,NC,SIMPLE PNEUMONIA & PLEURISY,Respiratory,76,9819.26,2849.63,2623.05,0.2902
Provider_0289,NC,CHRONIC OBSTRUCTIVE PULMONARY,Respiratory,19,8261.97,2491.45,2133.98,0.3016
Provider_0244,OH,KNEE PROCEDURES,Orthopedic,205,29798.09,9915.77,7934.65,0.3328
Provider_0059,LA,CHRONIC OBSTRUCTIVE PULMONARY,Respiratory,64,9065.54,2588.16,2454.09,0.2855
Provider_0214,WA,SPINAL FUSION,Orthopedic,121,34260.99,10100.45,8501.43,0.2948
Provider_0180,MD,STROKE,Neurological,19,19468.98,7367.05,6572.19,0.3784
Provider_0004,NC,HIP & FEMUR PROCEDURES,Orthopedic,35,24471.93,7034.85,6646.6,0.2875
Provider_0237,UT,KIDNEY & URINARY TRACT INFECTIONS,Renal,31,10477.42,3930.41,3330.32,0.3751
Provider_0116,CT,STROKE,Neurological,18,16020.14,6500.19,5766.98,0.4058
Provider_0050,IN,SEIZURES,Neurological,126,14248.79,5709.09,4988.36,0.4007
Provider_0190,KY,STROKE,Neurological,105,12893.92,3915.32,3406.36,0.3037
Provider_0041,AL,PANCREATIC DISORDERS,Digestive,85,10335.84,3265.93,3029.25,0.316
Provider_0294,VA,CORONARY BYPASS,Cardiovascular,24,17468.21,6048.07,5717.2,0.3462
Provider_0004,CT,PULMONARY EDEMA,Respiratory,14,13247.89,3885.73,3501.44,0.2933
Provider_0065,CT,HEART FAILURE & SHOCK,Cardiovascular,23,20774.18,8638.13,7775.86,0.4158
Provider_0004,CA,DIGESTIVE MALIGNANCY,Digestive,10,17703.19,5756.61,5098.85,0.3252
Provider_0093,SC,SIMPLE PNEUMONIA & PLEURISY,Respiratory,490,7871.41,3045.25,2481.77,0.3869
Provider_0218,VA,CARDIAC ARRHYTHMIA,Cardiovascular,64,20104.4,5964.88,5598.66,0.2967
Provider_0075,NC,BREAST PROCEDURES,Oncology,15,17949.79,7249.23,6686.2,0.4039
Provider_0236,AL,RESPIRATORY INFECTIONS,Respiratory,39,8453.44,3131.15,2967.9,0.3704
Provider_0122,NY,SEIZURES,Neurological,51,18448.22,5195.03,4489.12,0.2816
Provider_0147,CT,CHEMOTHERAPY,Oncology,38,32825.57,12417.04,10857.69,0.3783
Provider_0084,VA,PULMONARY EDEMA,Respiratory,54,9050.52,2900.34,2524.11,0.3205
Provider_0030,NC,MAJOR JOINT REPLACEMENT - LOWER EXTREMITY,Orthopedic,162,27734.38,10404.68,8871.89,0.3752
Provider_0082,UT,INTRACRANIAL HEMORRHAGE,Neurological,11,14846.83,5114.13,4787.07,0.3445
Provider_0094,LA,LYMPHOMA & LEUKEMIA,Oncology,28,20203.77,6225.52,5718.21,0.3081
Provider_0182,MD,CARDIAC ARRHYTHMIA,Cardiovascular,137,18418.7,5424.39,4444.14,0.2945
Provider_0031,VA,CORONARY BYPASS,Cardiovascular,23,17310.91,6060.02,5569.06,0.3501
Provider_0160,WA,STROKE,Neurological,234,21255.81,8524.85,6905.64,0.4011
Provider_0057,OR,DIGESTIVE MALIGNANCY,Digestive,16,15452.61,6292.07,5246.79,0.4072
Provider_0218,MI,RADIATION THERAPY,Oncology,38,25444.82,9880.46,8119.7,0.3883
Provider_0105,UT,KNEE PROCEDURES,Orthopedic,130,24292.09,8871.87,7300.64,0.3652
Provider_0190,NC,PULMONARY EDEMA,Respiratory,380,9603.05,3968.03,3512.46,0.4132
Provider_0262,WI,DIGESTIVE MALIGNANCY,Digestive,127,10056.6,3869.05,3148.37,0.3847
Provider_0065,TX,MAJOR JOINT REPLACEMENT - LOWER EXTREMITY,Orthopedic,11,35062.56,14131.34,12750.44,0.403
Provider_0239,KY,LYMPHOMA & LEUKEMIA,Oncology,140,22613.83,8951.63,7644.85,0.3958
Provider_0036,GA,CARDIAC ARRHYTHMIA,Cardiovascular,102,17724.25,6544.99,5534.3,0.3693
Provider_0204,MA,CORONARY BYPASS,Cardiovascular,113,25504.02,7571.02,6196.26,0.2969
Provider_0049,NY,PULMONARY EDEMA,Respiratory,28,11155.96,3298.93,2922.75,0.2957
Provider_0294,MO,SIMPLE PNEUMONIA & PLEURISY,Respiratory,154,9643.65,3598.96,3022.27,0.3732
Provider_0114,CA,KNEE PROCEDURES,Orthopedic,118,35666.97,13212.06,12523.65,0.3704
Provider_0232,CO,RENAL FAILURE,Renal,11,12161.76,4031.9,3452.67,0.3315
Provider_0016,MO,SIMPLE PNEUMONIA & PLEURISY,Respiratory,224,8722.71,3557.59,2969.86,0.4079
Provider_0036,NC,HEART FAILURE & SHOCK,Cardiovascular,220,14478.15,4904.68,4262.94,0.3388
Provider_0143,MA,KNEE PROCEDURES,Orthopedic,213,34768.71,10463.79,8726.28,0.301
Provider_0118,UT,HIP & FEMUR PROCEDURES,Orthopedic,431,32880.68,12877.34,11544.8,0.3916
Provider_0187,OH,HEART FAILURE & SHOCK,Cardiovascular,27,18773.38,6847.7,6202.82,0.3648
Provider_0182,CT,CHRONIC OBSTRUCTIVE PULMONARY,Respiratory,145,11712.56,3936.96,3403.98,0.3361
Provider_0055,GA,CARDIAC ARRHYTHMIA,Cardiovascular,68,16830.73,4749.64,4125.89,0.2822
Provider_0226,TX,HEART FAILURE & SHOCK,Cardiovascular,114,19071.35,6718.31,6079.77,0.3523
Provider_0204,MN,TRANSIENT ISCHEMIA,Neurological,592,17487.22,6223.59,5693.49,0.3559
Provider_0280,TN,SEIZURES,Neurological,66,16117.23,6014.25,5674.34,0.3732
Provider_0050,MD,LYMPHOMA & LEUKEMIA,Oncology,52,25340.7,10603.49,9728.11,0.4184
Provider_0100,CO,KNEE PROCEDURES,Orthopedic,275,31221.07,10772.29,10065.99,0.345
Provider_0041,WA,INTRACRANIAL HEMORRHAGE,Neurological,482,17342.82,5428.4,4612.13,0.313
Provider_0212,WA,CARDIAC CATHETERIZATION,Cardiovascular,70,19821.94,7040.58,6529.51,0.3552
Provider_0293,WI,KIDNEY TRANSPLANT,Renal,76,12731.67,3952.96,3314.6,0.3105
Provider_0115,WA,STROKE,Neurological,86,15423.68,5902.62,5091.92,0.3827
Provider_0083,CT,CHEMOTHERAPY,Oncology,100,29948.53,11058.04,10308.29,0.3692
Provider_0186,TX,RESPIRATORY INFECTIONS,Respiratory,146,11541.1,3854.76,3534.29,0.334
Provider_0157,MN,HEART FAILURE & SHOCK,Cardiovascular,105,19889.5,6434.8,5634.06,0.3235
Provider_0137,NC,SIMPLE PNEUMONIA & PLEURISY,Respiratory,103,8250.69,2426.95,2233.49,0.2942
Provider_0269,OK,RENAL FAILURE,Renal,39,8913.69,2756.06,2521.13,0.3092
Provider_0057,NJ,CORONARY BYPASS,Cardiovascular,132,22710.09,7712.5,6257.13,0.3396
Provider_0003,OH,TRANSIENT ISCHEMIA,Neurological,189,16958.7,6290.55,5473.8,0.3709
Provider_0142,IL,PULMONARY EDEMA,Respiratory,216,10159.71,3703.32,3460.11,0.3645
Provider_0246,MN,KIDNEY TRANSPLANT,Renal,32,10515.86,4031.21,3651.94,0.3833
Provider_0292,CA,HEART FAILURE & SHOCK,Cardiovascular,163,26122.73,9381.12,8522.24,0.3591
Provider_0096,MI,HEART FAILURE & SHOCK,Cardiovascular,88,19457.05,5662.76,4773.91,0.291
Provider_0231,WA,RESPIRATORY INFECTIONS,Respiratory,162,9993.95,3808.37,3509.79,0.3811
Provider_0077,CO,GI HEMORRHAGE,Digestive,462,13047.73,3942.66,3184.91,0.3022
Provider_0119,CO,CARDIAC ARRHYTHMIA,Cardiovascular,43,23791.71,8603.4,6972.44,0.3616
Provider_0266,AL,PERCUTANEOUS CARDIOVASCULAR PROC,Cardiovascular,51,14255.82,5460.52,4374.84,0.383
Provider_0150,MA,PANCREATIC DISORDERS,Digestive,162,18043.14,6151.14,5414.89,0.3409
Provider_0128,WI,CORONARY BYPASS,Cardiovascular,180,16977.43,4998.54,4052.67,0.2944
Provider_0245,IL,PULMONARY EDEMA,Respiratory,59,11225.29,3605.66,3297.36,0.3212
Provider_0068,KY,CORONARY BYPASS,Cardiovascular,175,15845.52,4903.54,4306.24,0.3095
Provider_0230,MN,SEIZURES,Neurological,177,14983.38,5698.31,4753.2,0.3803
Provider_0220,OK,GI HEMORRHAGE,Digestive,25,9677.37,2898.99,2488.86,0.2996
Provider_0043,MD,INFLAMMATORY BOWEL DISEASE,Digestive,45,15775.42,6010.88,4935.73,0.381
Provider_0202,MO,HIP & FEMUR PROCEDURES,Orthopedic,83,24585.53,7428.6,6129.65,0.3022
Provider_0204,MA,SPINAL FUSION,Orthopedic,307,40858.0,11762.73,10336.61,0.2879
Provider_0195,LA,STROKE,Neurological,290,15235.76,5755.35,5403.86,0.3778
Provider_0105,KY,RENAL FAILURE,Renal,53,9067.79,2954.36,2642.01,0.3258
Provider_0263,MD,RADIATION THERAPY,Oncology,41,27414.42,11219.2,10234.31,0.4092
Provider_0174,IL,MAJOR JOINT REPLACEMENT - LOWER EXTREMITY,Orthopedic,34,36476.34,11482.57,9343.33,0.3148
Provider_0228,OH,HEART FAILURE & SHOCK,Cardiovascular,24,20414.71,8086.63,7442.06,0.3961
Provider_0165,IN,SEIZURES,Neurological,259,12760.46,4154.23,3417.31,0.3256
Provider_0145,CT,KNEE PROCEDURES,Orthopedic,182,36434.86,13403.23,12602.89,0.3679
Provider_0246,TX,KIDNEY & URINARY TRACT INFECTIONS,Renal,123,11041.09,3672.93,3196.1,0.3327
Provider_0151,MI,RADIATION THERAPY,Oncology,37,20213.34,6001.27,5366.15,0.2969
Provider_0124,NY,HEART FAILURE & SHOCK,Cardiovascular,202,21739.77,9082.06,7885.37,0.4178
Provider_0129,TX,SIMPLE PNEUMONIA & PLEURISY,Respiratory,31,10496.31,3660.83,3035.45,0.3488
Provider_0101,WA,HIP & FEMUR PROCEDURES,Orthopedic,66,31431.84,10696.22,9316.43,0.3403
Provider_0117,KY,PANCREATIC DISORDERS,Digestive,117,12427.99,3669.12,3195.57,0.2952
Provider_0261,GA,INTRACRANIAL HEMORRHAGE,Neurological,52,12389.26,3473.38,2831.4,0.2804
Provider_0110,AZ,LYMPHOMA & LEUKEMIA,Oncology,36,22545.3,8250.66,6864.75,0.366
Provider_0151,WI,KIDNEY TRANSPLANT,Renal,36,12047.7,3413.0,2922.63,0.2833
Provider_0274,VA,CARDIAC CATHETERIZATION,Cardiovascular,74,18053.41,6714.55,6297.09,0.3719
Provider_0179,OR,PERCUTANEOUS CARDIOVASCULAR PROC,Cardiovascular,98,18491.89,7486.66,7079.95,0.4049
Provider_0097,TN,MAJOR JOINT REPLACEMENT - LOWER EXTREMITY,Orthopedic,354,29217.5,8524.1,7479.88,0.2917
Provider_0199,OR,KNEE PROCEDURES,Orthopedic,26,29914.75,9796.2,8668.12,0.3275
Provider_0115,NJ,HEART FAILURE & SHOCK,Cardiovascular,39,22279.36,9232.08,8105.89,0.4144
Provider_0027,OR,KNEE PROCEDURES,Orthopedic,71,34048.44,12066.0,11152.5,0.3544
Provider_0076,NC,MAJOR JOINT REPLACEMENT - LOWER EXTREMITY,Orthopedic,19,30868.39,10523.09,9402.26,0.3409
Provider_0201,IN,SPINAL FUSION,Orthopedic,52,26418.23,10602.3,9745.74,0.4013
Provider_0230,TX,CARDIAC ARRHYTHMIA,Cardiovascular,20,22034.98,6604.25,5382.35,0.2997
Provider_0021,TN,CHRONIC OBSTRUCTIVE PULMONARY,Respiratory,76,9356.77,3137.62,2667.01,0.3353
Provider_0121,PA,CARDIAC ARRHYTHMIA,Cardiovascular,235,21779.48,7916.24,7015.09,0.3635
Provider_0201,KY,GI HEMORRHAGE,Digestive,57,11224.47,3602.34,3099.24,0.3209
Provider_0133,UT,CORONARY BYPASS,Cardiovascular,68,19162.36,5515.6,4831.5,0.2878
Provider_0024,AZ,RENAL FAILURE,Renal,77,11051.61,3776.06,3315.07,0.3417
Provider_0056,IN,KNEE PROCEDURES,Orthopedic,197,26884.86,7805.8,6579.4,0.2903
Provider_0102,OR,TRANSIENT ISCHEMIA,Neurological,32,15672.59,5008.45,4512.68,0.3196
Provider_0205,VA,SIMPLE PNEUMONIA & PLEURISY,Respiratory,222,10332.88,3725.09,3085.84,0.3605
Provider_0177,NY,CARDIAC CATHETERIZATION,Cardiovascular,54,25333.77,7521.07,6152.16,0.2969
Provider_0146,MI,SPINAL FUSION,Orthopedic,768,24311.03,6901.13,6373.72,0.2839
Provider_0220,WI,CORONARY BYPASS,Cardiovascular,434,20448.03,8432.31,6889.53,0.4124
Provider_0287,CO,CHEMOTHERAPY,Oncology,31,27107.2,7789.1,6573.92,0.2873
Provider_0079,TX,CORONARY BYPASS,Cardiovascular,314,19213.65,7822.62,7366.8,0.4071
Provider_0257,WI,CARDIAC ARRHYTHMIA,Cardiovascular,104,20132.82,5951.73,5583.22,0.2956
Provider_0242,TX,CARDIAC ARRHYTHMIA,Cardiovascular,252,19369.54,5540.66,5242.28,0.286
Provider_0234,FL,CHEMOTHERAPY,Oncology,35,22163.87,8926.65,8238.65,0.4028
Provider_0275,TN,CARDIAC CATHETERIZATION,Cardiovascular,234,16121.53,4595.63,3898.07,0.2851
Provider_0110,OH,HIP & FEMUR PROCEDURES,Orthopedic,43,29323.44,11542.76,10526.75,0.3936
Provider_0055,WI,SPINAL FUSION,Orthopedic,77,25776.53,10409.04,8502.97,0.4038
Provider_0112,MI,PULMONARY EDEMA,Respiratory,75,8120.66,2321.95,2092.29,0.2859
Provider_0030,PA,KNEE PROCEDURES,Orthopedic,83,30621.16,10902.98,10318.34,0.3561
Provider_0174,GA,PERCUTANEOUS CARDIOVASCULAR PROC,Cardiovascular,134,15594.77,5590.31,5295.13,0.3585
Provider_0060,CO,RADIATION THERAPY,Oncology,109,24420.72,7317.55,6261.47,0.2996
Provider_0233,OH,CARDIAC CATHETERIZATION,Cardiovascular,48,20318.26,6508.96,5396.9,0.3204
Provider_0241,KY,CORONARY BYPASS,Cardiovascular,67,16458.0,5227.47,4597.23,0.3176
Provider_0094,AL,CHEMOTHERAPY,Oncology,370,19988.23,7882.87,7079.09,0.3944
Provider_0125,GA,BREAST PROCEDURES,Oncology,35,24028.84,9697.34,8189.76,0.4036
Provider_0020,OR,CHRONIC OBSTRUCTIVE PULMONARY,Respiratory,426,10823.06,3638.56,3015.95,0.3362
Provider_0024,WA,KIDNEY TRANSPLANT,Renal,294,15829.14,4795.85,3875.9,0.303
Provider_0170,CT,KNEE PROCEDURES,Orthopedic,77,39846.49,15431.4,13213.11,0.3873
Provider_0131,CA,RESPIRATORY INFECTIONS,Respiratory,204,14354.18,4083.61,3294.8,0.2845
Provider_0099,AZ,KNEE PROCEDURES,Orthopedic,166,30236.28,9297.67,8351.37,0.3075
Provider_0146,SC,SEIZURES,Neurological,151,15430.79,5404.16,4616.61,0.3502
Provider_0162,MA,HIP & FEMUR PROCEDURES,Orthopedic,320,41740.44,13888.28,12306.23,0.3327
Provider_0109,TX,SIMPLE PNEUMONIA & PLEURISY,Respiratory,647,11664.54,3273.06,3053.16,0.2806
Provider_0250,GA,LYMPHOMA & LEUKEMIA,Oncology,60,24748.38,9343.4,8230.41,0.3775
Provider_0223,LA,PULMONARY EDEMA,Respiratory,182,7375.74,2111.91,1690.12,0.2863
Provider_0112,IL,CARDIAC ARRHYTHMIA,Cardiovascular,86,20877.23,6617.33,5931.89,0.317
Provider_0186,MN,INTRACRANIAL HEMORRHAGE,Neurological,37,16855.91,6617.62,5827.15,0.3926
Provider_0057,TX,MAJOR JOINT REPLACEMENT - LOWER EXTREMITY,Orthopedic,108,33298.61,13208.79,12005.18,0.3967
Provider_0038,UT,CHRONIC OBSTRUCTIVE PULMONARY,Respiratory,180,8970.48,2885.1,2511.72,0.3216
Provider_0177,UT,HEART FAILURE & SHOCK,Cardiovascular,252,21154.9,6918.6,5604.53,0.327
Provider_0172,FL,CHRONIC OBSTRUCTIVE PULMONARY,Respiratory,393,11111.39,3677.15,2981.81,0.3309
Provider_0209,CT,MAJOR JOINT REPLACEMENT - LOWER EXTREMITY,Orthopedic,55,41587.4,12535.87,11425.07,0.3014
Provider_0052,SC,TRANSIENT ISCHEMIA,Neurological,107,15031.22,5270.56,4940.99,0.3506
Provider_0268,MN,KIDNEY TRANSPLANT,Renal,291,10453.46,3243.98,3006.08,0.3103
Provider_0272,MI,CARDIAC ARRHYTHMIA,Cardiovascular,38,16885.39,6951.55,6355.33,0.4117
Provider_0068,OK,CARDIAC ARRHYTHMIA,Cardiovascular,193,18019.05,6152.19,5137.76,0.3414
Provider_0030,AL,INFLAMMATORY BOWEL DISEASE,Digestive,54,11704.64,4265.72,3505.79,0.3644
Provider_0223,NC,CARDIAC ARRHYTHMIA,Cardiovascular,333,15617.16,5889.37,5572.91,0.3771
Provider_0231,IN,CORONARY BYPASS,Cardiovascular,11,16037.74,5385.61,4582.49,0.3358
Provider_0235,MN,TRANSIENT ISCHEMIA,Neurological,114,16512.47,6308.37,5464.34,0.382
Provider_0265,MA,RENAL FAILURE,Renal,47,12629.63,4149.59,3342.43,0.3286
Provider_0299,GA,HIP & FEMUR PROCEDURES,Orthopedic,142,29284.19,10582.31,9987.63,0.3614
Provider_0088,CT,SPINAL FUSION,Orthopedic,247,31806.69,10361.18,8556.97,0.3258
Provider_0121,KY,KIDNEY TRANSPLANT,Renal,103,10688.94,3623.42,3362.9,0.339
Provider_0243,KY,KNEE PROCEDURES,Orthopedic,107,29527.98,11901.8,10243.61,0.4031
Provider_0120,CA,CARDIAC ARRHYTHMIA,Cardiovascular,357,27661.51,10216.55,8268.9,0.3693
Provider_0175,TN,CHRONIC OBSTRUCTIVE PULMONARY,Respiratory,97,7490.12,2659.74,2461.07,0.3551
Provider_0124,MN,TRANSIENT ISCHEMIA,Neurological,33,16402.41,4638.68,3809.04,0.2828
Provider_0045,CO,PERCUTANEOUS CARDIOVASCULAR PROC,Cardiovascular,41,18311.56,6238.34,5108.69,0.3407
Provider_0298,MO,MAJOR JOINT REPLACEMENT - LOWER EXTREMITY,Orthopedic,49,27666.61,11339.98,9663.12,0.4099
Provider_0199,FL,HIP & FEMUR PROCEDURES,Orthopedic,52,29156.34,12086.13,10000.12,0.4145
Provider_0297,MD,MAJOR JOINT REPLACEMENT - LOWER EXTREMITY,Orthopedic,34,38416.78,15806.39,14495.5,0.4114
Provider_0195,MI,CHRONIC OBSTRUCTIVE PULMONARY,Respiratory,224,7945.49,2567.81,2315.94,0.3232
Provider_0059,WA,KNEE PROCEDURES,Orthopedic,36,32841.38,12262.17,10632.03,0.3734
Provider_0096,CO,INTRACRANIAL HEMORRHAGE,Neurological,26,18745.29,5854.3,5378.08,0.3123
Provider_0024,MO,SIMPLE PNEUMONIA & PLEURISY,Respiratory,72,9464.41,2692.65,2515.95,0.2845
Provider_0274,CT,GI HEMORRHAGE,Digestive,210,15251.54,6091.19,5098.77,0.3994
Provider_0064,IN,HIP & FEMUR PROCEDURES,Orthopedic,206,23512.68,9260.15,8714.45,0.3938
Provider_0245,TX,CARDIAC ARRHYTHMIA,Cardiovascular,19,20253.98,6693.57,6230.84,0.3305
Provider_0232,TX,HEART FAILURE & SHOCK,Cardiovascular,343,21847.32,7802.52,7143.69,0.3571
Provider_0250,OH,INFLAMMATORY BOWEL DISEASE,Digestive,541,12967.11,4294.15,3738.33,0.3312
Provider_0282,VA,RESPIRATORY INFECTIONS,Respiratory,185,10994.6,3624.22,3416.63,0.3296
Provider_0123,AZ,DIGESTIVE MALIGNANCY,Digestive,28,14474.25,4983.8,4045.1,0.3443
Provider_0059,PA,KIDNEY TRANSPLANT,Renal,54,10969.68,4193.43,3528.84,0.3823
Provider_0232,OR,CHRONIC OBSTRUCTIVE PULMONARY,Respiratory,61,11098.29,3515.32,2985.52,0.3167
Provider_0190,LA,KIDNEY & URINARY TRACT INFECTIONS,Renal,75,8812.06,2946.08,2574.13,0.3343
Provider_0248,NC,CHRONIC OBSTRUCTIVE PULMONARY,Respiratory,175,9788.83,3775.46,3148.99,0.3857
Provider_0160,OH,CHRONIC OBSTRUCTIVE PULMONARY,Respiratory,82,10169.18,3769.33,3017.5,0.3707
Provider_0243,WA,HIP & FEMUR PROCEDURES,Orthopedic,156,34951.98,12359.34,10428.9,0.3536
Provider_0140,FL,CORONARY BYPASS,Cardiovascular,168,18714.15,6149.01,5111.41,0.3286
Provider_0103,TN,CARDIAC ARRHYTHMIA,Cardiovascular,80,14651.41,5324.79,4459.95,0.3634
Provider_0238,MI,MAJOR JOINT REPLACEMENT - LOWER EXTREMITY,Orthopedic,35,33035.54,11896.68,9860.16,0.3601
Provider_0255,GA,CORONARY BYPASS,Cardiovascular,125,15095.94,5877.31,5575.96,0.3893
Provider_0007,AZ,CORONARY BYPASS,Cardiovascular,357,18641.24,6946.08,6274.31,0.3726
Provider_0194,NC,HEART FAILURE & SHOCK,Cardiovascular,325,14782.42,4906.47,4446.95,0.3319
Provider_0254,AL,TRANSIENT ISCHEMIA,Neurological,13,13724.42,4907.87,4417.21,0.3576
Provider_0222,OR,INTRACRANIAL HEMORRHAGE,Neurological,117,16883.35,6962.75,6350.98,0.4124
Provider_0080,LA,SPINAL FUSION,Orthopedic,343,28944.28,12050.44,9711.07,0.4163
Provider_0064,MD,BREAST PROCEDURES,Oncology,243,27138.5,10871.43,10052.49,0.4006
Provider_0295,OK,CHRONIC OBSTRUCTIVE PULMONARY,Respiratory,306,7674.15,2571.72,2174.17,0.3351
Provider_0134,UT,CHRONIC OBSTRUCTIVE PULMONARY,Respiratory,69,8851.31,2803.9,2261.92,0.3168
Provider_0087,MO,CORONARY BYPASS,Cardiovascular,273,15179.58,5692.28,5051.23,0.375
Provider_0150,CA,KIDNEY TRANSPLANT,Renal,61,13202.19,4998.11,4544.55,0.3786
Provider_0117,NC,CARDIAC CATHETERIZATION,Cardiovascular,35,18675.9,5466.92,4795.66,0.2927
Provider_0075,KY,HIP & FEMUR PROCEDURES,Orthopedic,77,23159.88,7962.91,7508.93,0.3438
Provider_0251,VA,CORONARY BYPASS,Cardiovascular,123,17954.16,6669.95,5991.85,0.3715
Provider_0078,GA,KNEE PROCEDURES,Orthopedic,71,28552.12,11535.24,9960.61,0.404
Provider_0172,MO,PULMONARY EDEMA,Respiratory,356,7447.98,2095.4,1750.85,0.2813
Provider_0132,FL,SPINAL FUSION,Orthopedic,17,27356.98,8063.3,7277.23,0.2947
Provider_0083,CT,CORONARY BYPASS,Cardiovascular,132,23614.7,6985.38,6540.67,0.2958
Provider_0045,CA,CARDIAC CATHETERIZATION,Cardiovascular,148,22597.7,7665.64,6773.37,0.3392
Provider_0021,MD,SIMPLE PNEUMONIA & PLEURISY,Respiratory,1042,11009.94,4356.83,4132.62,0.3957
Provider_0135,OK,RESPIRATORY INFECTIONS,Respiratory,89,7386.82,2942.28,2619.58,0.3983
Provider_0259,GA,TRANSIENT ISCHEMIA,Neurological,14,16565.31,6953.49,5752.09,0.4198
Provider_0133,MN,PERCUTANEOUS CARDIOVASCULAR PROC,Cardiovascular,236,21639.43,7421.38,6619.34,0.343
Provider_0002,NJ,HIP & FEMUR PROCEDURES,Orthopedic,82,36645.19,12217.04,10113.14,0.3334
Provider_0176,VA,SEIZURES,Neurological,144,18724.9,5620.89,5232.78,0.3002
Provider_0007,NC,KNEE PROCEDURES,Orthopedic,63,25726.13,7930.13,6428.01,0.3083
Provider_0008,IN,PERCUTANEOUS CARDIOVASCULAR PROC,Cardiovascular,149,16807.29,6768.11,5865.04,0.4027
Provider_0186,CO,HEART FAILURE & SHOCK,Cardiovascular,21,19671.04,8185.44,7234.11,0.4161
Provider_0295,OK,KIDNEY & URINARY TRACT INFECTIONS,Renal,269,9636.31,3639.12,2939.81,0.3776
Provider_0154,MO,CHRONIC OBSTRUCTIVE PULMONARY,Respiratory,33,8604.64,3594.49,3032.47,0.4177
Provider_0159,MA,KNEE PROCEDURES,Orthopedic,64,43613.08,15699.39,13672.48,0.36
Provider_0225,IL,DIGESTIVE MALIGNANCY,Digestive,40,12031.46,4962.26,4499.7,0.4124
Provider_0104,NJ,HIP & FEMUR PROCEDURES,Orthopedic,179,33801.36,13677.52,12951.02,0.4046
Provider_0192,UT,SPINAL FUSION,Orthopedic,279,26848.24,8688.34,7247.93,0.3236
Provider_0048,GA,PERCUTANEOUS CARDIOVASCULAR PROC,Cardiovascular,55,15041.75,5189.94,4734.35,0.345
Provider_0121,WA,PERCUTANEOUS CARDIOVASCULAR PROC,Cardiovascular,95,21510.01,6682.79,6068.72,0.3107
Provider_0196,AL,CHEMOTHERAPY,Oncology,386,21059.49,8031.27,6649.05,0.3814
Provider_0269,NJ,RENAL FAILURE,Renal,29,15204.75,5928.85,5231.78,0.3899
Provider_0107,CA,RADIATION THERAPY,Oncology,56,35565.31,13336.27,12129.49,0.375
Provider_0254,MO,SPINAL FUSION,Orthopedic,44,23749.66,7290.81,6461.21,0.307
Provider_0145,OK,RENAL FAILURE,Renal,84,8086.22,2809.44,2271.08,0.3474
Provider_0013,LA,GI HEMORRHAGE,Digestive,246,10658.45,3024.43,2740.72,0.2838
Provider_0200,IN,GI HEMORRHAGE,Digestive,45,10312.38,3267.45,2779.67,0.3168
Provider_0103,WI,GI HEMORRHAGE,Digestive,322,10883.76,3436.98,2902.71,0.3158
Provider_0236,CA,DIGESTIVE MALIGNANCY,Digestive,20,17974.92,6777.98,5677.37,0.3771
Provider_0142,LA,SEIZURES,Neurological,26,13893.63,4278.18,3591.01,0.3079
Provider_0250,MO,PANCREATIC DISORDERS,Digestive,238,9315.95,2656.24,2362.75,0.2851
Provider_0083,AZ,PULMONARY EDEMA,Respiratory,51,8279.4,3252.21,2606.27,0.3928
Provider_0009,UT,KIDNEY TRANSPLANT,Renal,45,10347.14,3604.61,3236.59,0.3484
Provider_0227,NY,BREAST PROCEDURES,Oncology,38,26816.13,9526.31,7824.81,0.3552
Provider_0298,MN,RENAL FAILURE,Renal,213,12247.48,4388.29,3952.82,0.3583
Provider_0079,SC,LYMPHOMA & LEUKEMIA,Oncology,178,17953.73,5097.68,4827.21,0.2839
Provider_0048,IN,RESPIRATORY INFECTIONS,Respiratory,76,7417.68,2802.83,2434.08,0.3779
Provider_0289,MD,CARDIAC CATHETERIZATION,Cardiovascular,115,25376.56,7447.39,6277.1,0.2935
Provider_0010,GA,RENAL FAILURE,Renal,95,11860.78,4571.4,4283.68,0.3854
Provider_0187,AL,PULMONARY EDEMA,Respiratory,142,8641.15,2730.57,2437.6,0.316
Provider_0052,WA,PANCREATIC DISORDERS,Digestive,97,15538.48,5498.33,4587.54,0.3539
Provider_0156,CA,KIDNEY TRANSPLANT,Renal,143,17565.49,6112.53,5317.47,0.348
Provider_0078,SC,GI HEMORRHAGE,Digestive,311,11452.11,3228.14,2681.6,0.2819
Provider_0003,AZ,DIGESTIVE MALIGNANCY,Digestive,147,13639.07,5528.68,5053.78,0.4054
Provider_0197,SC,CHRONIC OBSTRUCTIVE PULMONARY,Respiratory,405,7072.61,2232.71,2058.65,0.3157
Provider_0065,AL,RENAL FAILURE,Renal,66,10964.24,3125.63,2901.9,0.2851
Provider_0126,UT,STROKE,Neurological,114,17412.57,6029.89,5499.17,0.3463
Provider_0138,CO,BREAST PROCEDURES,Oncology,38,22423.7,7356.71,6708.5,0.3281
Provider_0025,IL,CARDIAC CATHETERIZATION,Cardiovascular,17,22390.12,6344.59,5694.57,0.2834
Provider_0144,OH,STROKE,Neurological,124,13713.19,5143.4,4703.68,0.3751
Provider_0274,LA,KIDNEY TRANSPLANT,Renal,43,11312.49,3733.15,3351.54,0.33
Provider_0060,AZ,CARDIAC ARRHYTHMIA,Cardiovascular,101,21590.62,9061.1,8272.86,0.4197
Provider_0089,CA,DIGESTIVE MALIGNANCY,Digestive,19,18970.38,7281.13,6191.32,0.3838
Provider_0196,MI,HIP & FEMUR PROCEDURES,Orthopedic,113,33607.28,9574.63,8764.47,0.2849
Provider_0146,MA,RADIATION THERAPY,Oncology,148,24580.12,9976.51,8487.17,0.4059
Provider_0216,NC,SEIZURES,Neurological,119,13479.34,3791.59,3147.14,0.2813
Provider_0206,CO,PULMONARY EDEMA,Respiratory,105,11300.48,4244.03,3930.99,0.3756
Provider_0195,CA,CORONARY BYPASS,Cardiovascular,13,22368.1,7100.98,5758.07,0.3175
Provider_0195,NY,RENAL FAILURE,Renal,38,14636.95,5964.06,5221.07,0.4075
Provider_0204,OR,TRANSIENT ISCHEMIA,Neurological,197,19316.46,6458.87,5744.92,0.3344
Provider_0137,FL,LYMPHOMA & LEUKEMIA,Oncology,301,22311.09,8660.13,7272.96,0.3882
Provider_0133,SC,RADIATION THERAPY,Oncology,374,19454.86,7328.9,6495.21,0.3767
Provider_0161,CT,SEIZURES,Neurological,115,18221.88,6779.18,5439.25,0.372
Provider_0201,MI,MAJOR JOINT REPLACEMENT - LOWER EXTREMITY,Orthopedic,19,26182.98,8507.8,7341.4,0.3249
Provider_0153,OK,RENAL FAILURE,Renal,99,8487.57,2407.39,1981.09,0.2836
Provider_0136,MN,CORONARY BYPASS,Cardiovascular,59,17053.83,5232.76,4901.48,0.3068
Provider_0277,LA,SIMPLE PNEUMONIA & PLEURISY,Respiratory,105,7202.47,2037.17,1801.51,0.2828
Provider_0116,UT,TRANSIENT ISCHEMIA,Neurological,511,16795.07,6973.87,6117.12,0.4152
Provider_0168,OH,PANCREATIC DISORDERS,Digestive,52,10963.67,3754.02,3140.82,0.3424
Provider_0137,CO,CARDIAC ARRHYTHMIA,Cardiovascular,122,17596.74,6911.41,5871.46,0.3928
Provider_0222,FL,CHRONIC OBSTRUCTIVE PULMONARY,Respiratory,109,8898.78,3489.1,3300.07,0.3921
Provider_0092,KY,PERCUTANEOUS CARDIOVASCULAR PROC,Cardiovascular,164,16841.17,4972.97,4111.3,0.2953
Provider_0008,AL,HIP & FEMUR PROCEDURES,Orthopedic,426,26016.08,9903.91,8759.07,0.3807
Provider_0131,CA,SPINAL FUSION,Orthopedic,154,41855.58,13421.31,11348.01,0.3207
Provider_0299,NY,SIMPLE PNEUMONIA & PLEURISY,Respiratory,50,13538.78,4143.32,3502.79,0.306
Provider_0189,OK,KNEE PROCEDURES,Orthopedic,103,22848.9,7432.41,6337.84,0.3253
Provider_0100,NJ,CHEMOTHERAPY,Oncology,28,25176.85,8645.48,7584.88,0.3434
Provider_0209,SC,RADIATION THERAPY,Oncology,150,17228.21,6408.29,5395.77,0.372
Provider_0094,MN,SPINAL FUSION,Orthopedic,44,33736.56,10004.69,8558.96,0.2966
Provider_0075,TN,PULMONARY EDEMA,Respiratory,110,7875.62,2982.71,2626.58,0.3787
Provider_0211,IL,INTRACRANIAL HEMORRHAGE,Neurological,17,20000.66,6903.46,6482.21,0.3452
Provider_0234,LA,CARDIAC ARRHYTHMIA,Cardiovascular,32,17457.94,6922.92,6452.77,0.3965
Provider_0043,MD,INFLAMMATORY BOWEL DISEASE,Digestive,21,15567.67,4510.6,3944.31,0.2897
Provider_0201,LA,KIDNEY & URINARY TRACT INFECTIONS,Renal,26,10865.78,4439.45,4069.48,0.4086
Provider_0004,VA,CARDIAC CATHETERIZATION,Cardiovascular,98,21549.08,6153.93,5842.14,0.2856
Provider_0276,NJ,LYMPHOMA & LEUKEMIA,Oncology,61,29474.07,10041.03,8724.02,0.3407
Provider_0204,IN,HEART FAILURE & SHOCK,Cardiovascular,92,16747.7,6350.3,5165.7,0.3792
Provider_0254,CA,STROKE,Neurological,164,21217.06,7331.59,6842.2,0.3456
Provider_0233,MN,GI HEMORRHAGE,Digestive,62,12179.82,3864.71,3326.08,0.3173
Provider_0184,VA,KIDNEY TRANSPLANT,Renal,25,10142.69,3062.19,2564.54,0.3019
Provider_0195,IN,HIP & FEMUR PROCEDURES,Orthopedic,79,26567.96,9379.93,8262.92,0.3531
Provider_0165,TX,HEART FAILURE & SHOCK,Cardiovascular,156,19054.62,6870.96,6109.11,0.3606
Provider_0167,TX,SIMPLE PNEUMONIA & PLEURISY,Respiratory,457,11668.92,3711.47,3252.98,0.3181
Provider_0077,OH,PERCUTANEOUS CARDIOVASCULAR PROC,Cardiovascular,238,18030.21,6963.53,5672.75,0.3862
Provider_0204,MD,CARDIAC ARRHYTHMIA,Cardiovascular,659,18776.99,7506.81,6545.92,0.3998
Provider_0199,MD,PULMONARY EDEMA,Respiratory,52,12557.4,3782.71,3072.68,0.3012
Provider_0007,GA,KIDNEY TRANSPLANT,Renal,103,11511.56,3586.32,2958.5,0.3115
Provider_0001,OR,SIMPLE PNEUMONIA & PLEURISY,Respiratory,53,10148.01,3441.49,2841.9,0.3391
Provider_0115,CA,SEIZURES,Neurological,34,20678.41,8099.95,7171.25,0.3917
Provider_0141,OH,STROKE,Neurological,111,16623.63,5906.46,5039.74,0.3553
Provider_0224,OH,PANCREATIC DISORDERS,Digestive,185,10253.1,3182.71,2577.27,0.3104
Provider_0057,MD,HEART FAILURE & SHOCK,Cardiovascular,10,21780.16,8247.65,6790.37,0.3787
Provider_0202,MN,SPINAL FUSION,Orthopedic,87,32621.33,9800.16,8112.41,0.3004
Provider_0267,SC,PERCUTANEOUS CARDIOVASCULAR PROC,Cardiovascular,215,16589.59,5864.93,5328.96,0.3535
Provider_0181,UT,PERCUTANEOUS CARDIOVASCULAR PROC,Cardiovascular,160,15531.8,5170.6,4764.38,0.3329
Provider_0182,TX,RESPIRATORY INFECTIONS,Respiratory,530,11488.22,3877.48,3318.11,0.3375
Provider_0006,SC,CORONARY BYPASS,Cardiovascular,140,17569.14,6003.78,5603.01,0.3417
Provider_0055,AZ,MAJOR JOINT REPLACEMENT - LOWER EXTREMITY,Orthopedic,14,29482.84,11963.62,9912.66,0.4058
Provider_0239,TN,INFLAMMATORY BOWEL DISEASE,Digestive,529,9349.76,2814.73,2430.6,0.301
Provider_0248,CT,RESPIRATORY INFECTIONS,Respiratory,187,12682.92,3714.7,3002.76,0.2929
Provider_0112,CA,CHRONIC OBSTRUCTIVE PULMONARY,Respiratory,57,14054.52,5594.37,5274.42,0.398
Provider_0160,NY,RADIATION THERAPY,Oncology,84,36844.18,14286.11,13490.54,0.3877
Provider_0066,UT,RADIATION THERAPY,Oncology,181,22728.47,9304.88,8595.44,0.4094
Provider_0133,MD,TRANSIENT ISCHEMIA,Neurological,91,16199.56,6034.75,5326.79,0.3725
Provider_0214,MA,PULMONARY EDEMA,Respiratory,227,13280.41,4917.89,4204.32,0.3703
Provider_0052,GA,PERCUTANEOUS CARDIOVASCULAR PROC,Cardiovascular,129,17551.89,6208.74,5830.05,0.3537
Provider_0122,TN,CARDIAC CATHETERIZATION,Cardiovascular,14,16207.07,4681.1,4298.99,0.2888
Provider_0255,NJ,CARDIAC ARRHYTHMIA,Cardiovascular,25,20218.91,7586.31,6532.38,0.3752
Provider_0090,VA,CARDIAC CATHETERIZATION,Cardiovascular,40,20120.34,7403.46,6738.01,0.368
Provider_0090,PA,CHEMOTHERAPY,Oncology,107,20714.1,6633.57,5797.28,0.3202
Provider_0112,CO,PERCUTANEOUS CARDIOVASCULAR PROC,Cardiovascular,157,17885.81,6376.71,5185.8,0.3565
Provider_0031,TX,KIDNEY TRANSPLANT,Renal,244,14178.78,4671.86,4241.7,0.3295
Provider_0170,NJ,STROKE,Neurological,205,22276.15,7012.84,6490.09,0.3148
Provider_0032,CT,RESPIRATORY INFECTIONS,Respiratory,279,11517.96,4102.64,3870.74,0.3562
Provider_0082,IN,CORONARY BYPASS,Cardiovascular,436,16234.24,5390.09,4469.76,0.332
Provider_0213,CT,BREAST PROCEDURES,Oncology,188,25717.27,7345.27,6961.96,0.2856
Provider_0234,PA,RESPIRATORY INFECTIONS,Respiratory,316,8150.71,3157.11,2843.31,0.3873
Provider_0188,OK,RENAL FAILURE,Renal,151,8297.71,3258.83,2675.21,0.3927
Provider_0297,CO,CARDIAC ARRHYTHMIA,Cardiovascular,67,17944.23,6713.26,6364.05,0.3741
Provider_0019,PA,DIGESTIVE MALIGNANCY,Digestive,38,12157.84,4885.1,4454.92,0.4018
Provider_0256,OR,DIGESTIVE MALIGNANCY,Digestive,145,15599.25,5762.16,5259.4,0.3694
Provider_0007,OH,SIMPLE PNEUMONIA & PLEURISY,Respiratory,16,9300.95,2647.02,2303.6,0.2846
Provider_0180,GA,RADIATION THERAPY,Oncology,56,23931.22,7304.8,5912.76,0.3052
Provider_0118,TX,KIDNEY & URINARY TRACT INFECTIONS,Renal,30,14138.02,5815.92,4663.68,0.4114
Provider_0013,PA,PULMONARY EDEMA,Respiratory,38,9673.12,3179.4,2734.21,0.3287
Provider_0097,OK,KIDNEY TRANSPLANT,Renal,162,9499.03,2849.18,2553.14,0.2999
Provider_0135,NJ,CARDIAC ARRHYTHMIA,Cardiovascular,41,24786.39,8102.17,7599.3,0.3269
Provider_0070,AZ,HIP & FEMUR PROCEDURES,Orthopedic,74,28083.62,9927.08,8834.56,0.3535
Provider_0138,GA,TRANSIENT ISCHEMIA,Neurological,301,16942.19,6300.13,5969.68,0.3719
Provider_0234,MO,SPINAL FUSION,Orthopedic,101,27539.33,7871.41,7148.99,0.2858
Provider_0089,MA,TRANSIENT ISCHEMIA,Neurological,82,17592.54,7352.0,6862.31,0.4179
Provider_0150,IL,PULMONARY EDEMA,Respiratory,350,10446.13,4171.45,3551.22,0.3993
Provider_0139,GA,HEART FAILURE & SHOCK,Cardiovascular,28,15849.75,5507.35,4440.96,0.3475
Provider_0134,OH,SPINAL FUSION,Orthopedic,263,24246.91,8225.24,7640.39,0.3392
Provider_0008,MO,KIDNEY TRANSPLANT,Renal,640,11378.35,4071.16,3552.94,0.3578
Provider_0208,WI,LYMPHOMA & LEUKEMIA,Oncology,74,19733.93,5808.45,4910.17,0.2943
Provider_0007,NC,RESPIRATORY INFECTIONS,Respiratory,76,8610.21,2629.74,2484.14,0.3054
Provider_0140,AL,SPINAL FUSION,Orthopedic,230,25870.99,9771.28,8602.54,0.3777
Provider_0243,WA,GI HEMORRHAGE,Digestive,55,15201.28,5702.07,4682.1,0.3751
Provider_0288,CT,PULMONARY EDEMA,Respiratory,58,10651.89,3960.72,3239.78,0.3718
Provider_0023,IL,PANCREATIC DISORDERS,Digestive,112,12906.97,4540.86,3800.41,0.3518
Provider_0112,MO,PULMONARY EDEMA,Respiratory,132,8487.15,3289.43,3005.52,0.3876
Provider_0272,MN,INFLAMMATORY BOWEL DISEASE,Digestive,161,13250.12,4898.4,4222.91,0.3697
Provider_0015,MA,PERCUTANEOUS CARDIOVASCULAR PROC,Cardiovascular,87,26737.76,10024.79,9049.2,0.3749
Provider_0262,AL,MAJOR JOINT REPLACEMENT - LOWER EXTREMITY,Orthopedic,196,22980.69,8157.88,6694.07,0.355
Provider_0175,MD,CHRONIC OBSTRUCTIVE PULMONARY,Respiratory,260,9804.54,3605.29,2928.19,0.3677
Provider_0202,TX,DIGESTIVE MALIGNANCY,Digestive,257,13644.15,3862.86,3505.58,0.2831
Provider_0179,AZ,RADIATION THERAPY,Oncology,60,25298.64,10463.33,8953.63,0.4136
Provider_0071,AZ,PERCUTANEOUS CARDIOVASCULAR PROC,Cardiovascular,138,17009.71,5483.09,4494.85,0.3224
Provider_0065,OH,CARDIAC ARRHYTHMIA,Cardiovascular,112,18981.41,6296.98,5370.56,0.3317
Provider_0125,CA,PULMONARY EDEMA,Respiratory,86,11471.02,3301.86,2843.89,0.2878
Provider_0098,WA,MAJOR JOINT REPLACEMENT - LOWER EXTREMITY,Orthopedic,127,40179.9,13716.56,11109.57,0.3414
Provider_0285,AL,RESPIRATORY INFECTIONS,Respiratory,494,7427.67,2466.71,2198.97,0.3321
Provider_0285,WI,SPINAL FUSION,Orthopedic,23,28460.97,10182.46,8308.87,0.3578
Provider_0177,NC,INTRACRANIAL HEMORRHAGE,Neurological,54,15764.64,5568.9,4612.29,0.3533
Provider_0126,NC,STROKE,Neurological,321,13067.04,5223.33,4899.84,0.3997
Provider_0128,SC,BREAST PROCEDURES,Oncology,580,18110.27,5574.29,4899.92,0.3078
Provider_0182,UT,RENAL FAILURE,Renal,164,9446.35,3399.65,3170.61,0.3599
Provider_0194,OR,MAJOR JOINT REPLACEMENT - LOWER EXTREMITY,Orthopedic,467,31651.5,11309.63,10256.19,0.3573
Provider_0046,AZ,CARDIAC CATHETERIZATION,Cardiovascular,253,18822.31,6625.25,6130.81,0.352
Provider_0165,LA,RESPIRATORY INFECTIONS,Respiratory,169,9221.93,3821.25,3612.4,0.4144
Provider_0062,CA,PULMONARY EDEMA,Respiratory,80,13622.55,5225.27,4602.01,0.3836
Provider_0021,NJ,RADIATION THERAPY,Oncology,82,30977.6,10419.02,8629.0,0.3363
Provider_0146,NJ,BREAST PROCEDURES,Oncology,72,31136.4,12926.72,11910.58,0.4152
Provider_0118,AL,SPINAL FUSION,Orthopedic,125,21321.54,6994.42,6304.54,0.328
Provider_0050,AZ,CARDIAC ARRHYTHMIA,Cardiovascular,674,18270.74,7432.74,6273.52,0.4068
Provider_0164,MD,PERCUTANEOUS CARDIOVASCULAR PROC,Cardiovascular,59,18063.81,5836.64,4913.25,0.3231
Provider_0119,UT,CARDIAC ARRHYTHMIA,Cardiovascular,275,17170.42,7046.9,6114.03,0.4104
Provider_0003,OH,MAJOR JOINT REPLACEMENT - LOWER EXTREMITY,Orthopedic,158,28824.92,11826.84,10769.15,0.4103
Provider_0016,AL,TRANSIENT ISCHEMIA,Neurological,41,13423.1,5258.42,4827.18,0.3917
Provider_0041,PA,CORONARY BYPASS,Cardiovascular,71,21592.09,8252.12,7529.16,0.3822
Provider_0209,GA,SPINAL FUSION,Orthopedic,134,24561.18,8312.18,7725.03,0.3384
Provider_0242,FL,SIMPLE PNEUMONIA & PLEURISY,Respiratory,25,10610.1,4058.1,3272.56,0.3825
Provider_0028,IN,HIP & FEMUR PROCEDURES,Orthopedic,182,22095.61,7815.52,6545.89,0.3537
Provider_0097,OR,KIDNEY TRANSPLANT,Renal,217,12035.0,3393.88,3088.02,0.282
Provider_0220,AL,SIMPLE PNEUMONIA & PLEURISY,Respiratory,113,7751.91,2626.17,2451.42,0.3388
Provider_0202,OH,CORONARY BYPASS,Cardiovascular,37,17069.91,6128.78,4971.1,0.359
Provider_0001,TX,CARDIAC CATHETERIZATION,Cardiovascular,311,19564.16,5667.37,4829.69,0.2897
Provider_0071,NJ,TRANSIENT ISCHEMIA,Neurological,208,19361.03,6794.12,5468.58,0.3509
Provider_0185,OH,RADIATION THERAPY,Oncology,69,19611.1,7634.76,6524.42,0.3893
Provider_0277,WA,SEIZURES,Neurological,295,21102.49,7489.59,6566.32,0.3549
Provider_0142,CT,CHEMOTHERAPY,Oncology,41,25779.87,9151.47,8120.05,0.355
Provider_0156,AZ,SIMPLE PNEUMONIA & PLEURISY,Respiratory,136,10840.63,4300.33,3883.78,0.3967
Provider_0289,NY,HIP & FEMUR PROCEDURES,Orthopedic,374,46471.63,17727.83,16532.43,0.3815
Provider_0021,IN,MAJOR JOINT REPLACEMENT - LOWER EXTREMITY,Orthopedic,82,24606.5,8858.07,7285.74,0.36
Provider_0140,CO,KIDNEY TRANSPLANT,Renal,273,14452.95,5277.69,4529.62,0.3652
Provider_0229,AL,HIP & FEMUR PROCEDURES,Orthopedic,23,23435.85,9108.49,7876.55,0.3887
Provider_0126,CA,MAJOR JOINT REPLACEMENT - LOWER EXTREMITY,Orthopedic,44,43882.89,16929.39,15394.52,0.3858
Provider_0151,KY,RENAL FAILURE,Renal,104,9024.73,3405.45,3102.93,0.3773
Provider_0203,MN,RESPIRATORY INFECTIONS,Respiratory,95,10119.68,4026.0,3323.52,0.3978
Provider_0001,PA,KIDNEY & URINARY TRACT INFECTIONS,Renal,115,11750.07,4193.09,3479.05,0.3569
Provider_0278,IL,CHEMOTHERAPY,Oncology,33,21385.89,8032.85,6728.81,0.3756
Provider_0211,WA,PERCUTANEOUS CARDIOVASCULAR PROC,Cardiovascular,20,19762.99,6140.48,5149.89,0.3107
Provider_0143,MN,MAJOR JOINT REPLACEMENT - LOWER EXTREMITY,Orthopedic,186,32096.93,13438.6,11285.72,0.4187
Provider_0056,NY,CORONARY BYPASS,Cardiovascular,222,27021.59,10989.78,9942.41,0.4067
Provider_0222,CT,CARDIAC ARRHYTHMIA,Cardiovascular,188,19912.0,8031.83,6791.97,0.4034
Provider_0074,NY,HIP & FEMUR PROCEDURES,Orthopedic,307,38890.92,14577.58,13253.4,0.3748
Provider_0258,OH,RENAL FAILURE,Renal,68,11166.6,4484.94,3867.04,0.4016
Provider_0066,SC,HEART FAILURE & SHOCK,Cardiovascular,11,14509.77,5462.91,4424.32,0.3765
Provider_0163,CA,INTRACRANIAL HEMORRHAGE,Neurological,92,23380.96,9086.32,7383.53,0.3886
Provider_0001,NY,PERCUTANEOUS CARDIOVASCULAR PROC,Cardiovascular,28,27335.75,8558.43,7409.52,0.3131
Provider_0073,IL,CARDIAC CATHETERIZATION,Cardiovascular,42,17841.73,6723.97,5408.46,0.3769
Provider_0138,IN,RESPIRATORY INFECTIONS,Respiratory,334,7691.51,2815.24,2264.02,0.366
Provider_0126,AZ,CHRONIC OBSTRUCTIVE PULMONARY,Respiratory,60,8128.84,2723.26,2452.27,0.335
Provider_0018,GA,PULMONARY EDEMA,Respiratory,325,7900.39,2825.63,2313.84,0.3577
Provider_0032,AL,CHRONIC OBSTRUCTIVE PULMONARY,Respiratory,83,7573.89,2749.32,2402.05,0.363
Provider_0035,VA,KNEE PROCEDURES,Orthopedic,232,26005.33,10898.28,9373.14,0.4191
Provider_0139,KY,GI HEMORRHAGE,Digestive,267,9339.45,3163.04,2807.04,0.3387
Provider_0093,IL,HEART FAILURE & SHOCK,Cardiovascular,290,17195.88,5336.5,4931.34,0.3103
Provider_0058,PA,KIDNEY & URINARY TRACT INFECTIONS,Renal,56,10530.32,3550.59,2899.93,0.3372
Provider_0200,AZ,RESPIRATORY INFECTIONS,Respiratory,48,9957.11,3440.8,3195.48,0.3456
Provider_0277,SC,SPINAL FUSION,Orthopedic,300,21194.03,8221.21,6713.03,0.3879
Provider_0091,MA,CHRONIC OBSTRUCTIVE PULMONARY,Respiratory,335,13179.97,3901.6,3191.44,0.296
Provider_0169,GA,LYMPHOMA & LEUKEMIA,Oncology,14,18201.25,6048.15,4908.91,0.3323
Provider_0225,MA,STROKE,Neurological,38,20014.32,7510.93,6287.55,0.3753
Provider_0045,SC,CHRONIC OBSTRUCTIVE PULMONARY,Respiratory,147,7605.76,2911.03,2473.04,0.3827
Provider_0164,MO,HIP & FEMUR PROCEDURES,Orthopedic,15,23405.74,8460.52,7766.06,0.3615
Provider_0239,NY,PANCREATIC DISORDERS,Digestive,206,19727.05,5758.04,4840.68,0.2919
Provider_0066,SC,HEART FAILURE & SHOCK,Cardiovascular,33,17759.07,6250.13,5010.01,0.3519
Provider_0124,TN,MAJOR JOINT REPLACEMENT - LOWER EXTREMITY,Orthopedic,185,27759.63,7950.82,6603.1,0.2864
Provider_0036,UT,RESPIRATORY INFECTIONS,Respiratory,44,8842.93,3488.85,3268.8,0.3945
Provider_0164,SC,KNEE PROCEDURES,Orthopedic,11,21091.41,7108.99,5930.4,0.3371
Provider_0241,WA,INTRACRANIAL HEMORRHAGE,Neurological,183,16144.19,4720.44,4419.39,0.2924
Provider_0282,CT,CHRONIC OBSTRUCTIVE PULMONARY,Respiratory,103,12951.51,3803.41,3179.91,0.2937
Provider_0078,WI,RENAL FAILURE,Renal,72,12828.55,4426.88,4185.46,0.3451
Provider_0232,MN,CORONARY BYPASS,Cardiovascular,76,20096.7,7184.21,6166.6,0.3575
Provider_0173,WI,RADIATION THERAPY,Oncology,66,22685.01,7744.94,6216.1,0.3414
Provider_0121,MD,HIP & FEMUR PROCEDURES,Orthopedic,301,36324.58,12320.92,9978.32,0.3392
Provider_0225,KY,RADIATION THERAPY,Oncology,48,16870.43,5944.84,4931.26,0.3524
Provider_0047,CT,SEIZURES,Neurological,143,18317.45,7528.57,6661.62,0.411
Provider_0171,PA,KIDNEY & URINARY TRACT INFECTIONS,Renal,85,12391.12,3986.4,3298.3,0.3217
Provider_0152,OK,GI HEMORRHAGE,Digestive,10,10969.25,3627.54,3311.39,0.3307
Provider_0107,IL,SEIZURES,Neurological,136,16374.1,6794.06,6389.29,0.4149
Provider_0249,NJ,SPINAL FUSION,Orthopedic,20,39731.47,13359.28,11650.09,0.3362
Provider_0244,NC,SIMPLE PNEUMONIA & PLEURISY,Respiratory,224,9158.22,3450.76,2929.27,0.3768
Provider_0217,NY,RENAL FAILURE,Renal,406,14971.06,5935.4,5031.82,0.3965
Provider_0208,NC,SIMPLE PNEUMONIA & PLEURISY,Respiratory,30,8718.37,2866.55,2480.0,0.3288
Provider_0089,CT,HIP & FEMUR PROCEDURES,Orthopedic,31,29902.1,9089.63,8414.51,0.304
Provider_0223,CA,RESPIRATORY INFECTIONS,Respiratory,115,13656.08,5250.23,4240.04,0.3845
Provider_0025,MD,PERCUTANEOUS CARDIOVASCULAR PROC,Cardiovascular,134,19307.58,8044.94,7025.03,0.4167
Provider_0216,IN,HEART FAILURE & SHOCK,Cardiovascular,85,15963.04,6180.48,4959.54,0.3872
Provider_0142,MA,RESPIRATORY INFECTIONS,Respiratory,156,11557.05,3677.15,2943.58,0.3182
Provider_0298,CO,KIDNEY TRANSPLANT,Renal,31,15065.66,5543.5,4809.54,0.368
Provider_0119,IL,SEIZURES,Neurological,310,16522.25,6396.2,5690.4,0.3871
Provider_0259,SC,CHRONIC OBSTRUCTIVE PULMONARY,Respiratory,101,8057.31,3016.04,2671.59,0.3743
Provider_0232,AZ,RESPIRATORY INFECTIONS,Respiratory,82,7892.56,2653.72,2197.33,0.3362
Provider_0164,TN,SIMPLE PNEUMONIA & PLEURISY,Respiratory,14,8745.13,3479.56,3159.61,0.3979
Provider_0091,NY,STROKE,Neurological,56,17948.53,7144.86,6725.26,0.3981
Provider_0296,CT,PULMONARY EDEMA,Respiratory,66,12050.57,4255.24,3608.01,0.3531
Provider_0155,MI,KNEE PROCEDURES,Orthopedic,76,27925.05,10955.3,9634.34,0.3923
Provider_0143,SC,CARDIAC ARRHYTHMIA,Cardiovascular,233,14549.38,5972.8,5002.73,0.4105
Provider_0094,KY,CORONARY BYPASS,Cardiovascular,62,14313.28,4107.72,3628.68,0.287
Provider_0146,GA,CORONARY BYPASS,Cardiovascular,29,16932.53,5885.65,5022.54,0.3476
Provider_0216,IL,SEIZURES,Neurological,80,14819.98,5434.2,4480.81,0.3667
Provider_0072,NY,RENAL FAILURE,Renal,124,18367.41,6674.17,6064.86,0.3634
Provider_0238,IN,RESPIRATORY INFECTIONS,Respiratory,14,9068.51,2568.28,2386.82,0.2832
Provider_0194,VA,STROKE,Neurological,83,15265.96,5274.3,4465.81,0.3455
Provider_0274,OR,SPINAL FUSION,Orthopedic,91,32355.5,9813.38,9167.18,0.3033
Provider_0300,NC,CARDIAC ARRHYTHMIA,Cardiovascular,312,18346.98,7111.35,6091.27,0.3876
Provider_0165,SC,DIGESTIVE MALIGNANCY,Digestive,132,12295.97,4527.17,4124.81,0.3682
Provider_0013,WI,SPINAL FUSION,Orthopedic,124,23991.55,8425.86,6844.9,0.3512
Provider_0106,NC,KNEE PROCEDURES,Orthopedic,38,27730.59,10570.09,9601.3,0.3812
Provider_0052,NC,CHRONIC OBSTRUCTIVE PULMONARY,Respiratory,60,9127.43,3192.79,2645.55,0.3498
Provider_0095,VA,STROKE,Neurological,209,15634.39,4435.53,3587.06,0.2837
Provider_0049,IN,CORONARY BYPASS,Cardiovascular,116,19211.55,6360.24,5706.13,0.3311
Provider_0268,SC,MAJOR JOINT REPLACEMENT - LOWER EXTREMITY,Orthopedic,252,21850.55,7208.33,6458.28,0.3299
Provider_0009,NJ,TRANSIENT ISCHEMIA,Neurological,17,18835.47,6497.01,5791.23,0.3449
Provider_0114,NC,RADIATION THERAPY,Oncology,17,23866.77,9322.54,7778.3,0.3906
Provider_0203,MA,SPINAL FUSION,Orthopedic,241,42791.07,16706.85,14509.1,0.3904
Provider_0168,TX,PERCUTANEOUS CARDIOVASCULAR PROC,Cardiovascular,104,23205.37,9719.61,8194.55,0.4189
Provider_0256,CT,TRANSIENT ISCHEMIA,Neurological,173,20833.74,7789.77,6983.88,0.3739
Provider_0065,TX,CARDIAC ARRHYTHMIA,Cardiovascular,91,18956.39,5578.31,4515.13,0.2943
Provider_0188,OK,DIGESTIVE MALIGNANCY,Digestive,51,11442.23,4482.47,3722.36,0.3917
Provider_0061,IL,HIP & FEMUR PROCEDURES,Orthopedic,38,29588.87,9251.13,8115.53,0.3127
Provider_0264,IL,KIDNEY TRANSPLANT,Renal,280,12385.39,4611.83,4353.35,0.3724
Provider_0234,MD,SEIZURES,Neurological,93,16607.75,6768.47,5819.36,0.4075
Provider_0044,LA,KIDNEY TRANSPLANT,Renal,50,8830.82,2962.91,2419.75,0.3355
Provider_0001,OR,HEART FAILURE & SHOCK,Cardiovascular,10,21093.53,7162.48,5866.45,0.3396
Provider_0256,TX,GI HEMORRHAGE,Digestive,84,14934.29,4416.69,3589.37,0.2957
Provider_0057,MO,CARDIAC ARRHYTHMIA,Cardiovascular,148,17827.05,6370.83,5635.23,0.3574
Provider_0202,MO,MAJOR JOINT REPLACEMENT - LOWER EXTREMITY,Orthopedic,256,24412.46,8702.64,7879.33,0.3565
Provider_0112,MI,SPINAL FUSION,Orthopedic,48,33540.18,11693.19,10831.41,0.3486
Provider_0185,WI,GI HEMORRHAGE,Digestive,260,13633.63,4024.51,3478.19,0.2952
Provider_0211,MN,LYMPHOMA & LEUKEMIA,Oncology,35,27356.53,8630.6,7724.51,0.3155
Provider_0049,MI,HIP & FEMUR PROCEDURES,Orthopedic,84,28566.39,11587.31,9771.22,0.4056
Provider_0133,MA,MAJOR JOINT REPLACEMENT - LOWER EXTREMITY,Orthopedic,216,33426.77,10030.08,8063.23,0.3001
Provider_0173,CA,PANCREATIC DISORDERS,Digestive,36,14912.19,4263.17,4031.07,0.2859
Provider_0209,CA,CARDIAC ARRHYTHMIA,Cardiovascular,81,28084.92,9896.67,8131.48,0.3524
Provider_0009,MI,SPINAL FUSION,Orthopedic,124,31123.56,9576.33,8838.01,0.3077
Provider_0083,PA,PANCREATIC DISORDERS,Digestive,53,11933.9,4785.73,3831.01,0.401
Provider_0290,OR,CARDIAC CATHETERIZATION,Cardiovascular,329,17647.09,5514.33,5158.98,0.3125
Provider_0055,VA,SEIZURES,Neurological,50,16256.05,6491.51,5882.16,0.3993
Provider_0146,AL,HIP & FEMUR PROCEDURES,Orthopedic,153,20836.7,8572.62,7448.01,0.4114
Provider_0085,FL,CORONARY BYPASS,Cardiovascular,23,19664.02,8088.18,6752.87,0.4113
Provider_0094,OK,KIDNEY & URINARY TRACT INFECTIONS,Renal,137,8609.24,3532.95,3189.76,0.4104
Provider_0259,UT,HEART FAILURE & SHOCK,Cardiovascular,102,20699.63,6581.09,6010.63,0.3179
Provider_0185,MA,PERCUTANEOUS CARDIOVASCULAR PROC,Cardiovascular,180,26313.37,10766.84,9220.98,0.4092
Provider_0142,MO,CHRONIC OBSTRUCTIVE PULMONARY,Respiratory,14,9113.35,3762.77,3207.02,0.4129
Provider_0276,MI,HIP & FEMUR PROCEDURES,Orthopedic,141,28989.94,11279.66,10108.22,0.3891
Provider_0105,FL,HEART FAILURE & SHOCK,Cardiovascular,83,22143.11,7170.64,6149.71,0.3238
Provider_0170,FL,BREAST PROCEDURES,Oncology,47,21169.32,5975.0,4875.91,0.2822
Provider_0128,AL,TRANSIENT ISCHEMIA,Neurological,27,11645.57,4291.13,3829.27,0.3685
Provider_0201,WI,CARDIAC ARRHYTHMIA,Cardiovascular,22,16392.17,6649.95,6297.2,0.4057
Provider_0283,FL,KIDNEY TRANSPLANT,Renal,14,14242.54,4185.22,3776.72,0.2939
Provider_0264,MA,DIGESTIVE MALIGNANCY,Digestive,44,15086.08,4945.47,4668.02,0.3278
Provider_0002,TX,KNEE PROCEDURES,Orthopedic,338,33627.38,10454.69,9327.63,0.3109
Provider_0226,UT,CARDIAC CATHETERIZATION,Cardiovascular,135,19200.7,7582.71,6268.77,0.3949
Provider_0274,UT,TRANSIENT ISCHEMIA,Neurological,216,17400.88,5443.97,4447.82,0.3129
Provider_0097,WA,TRANSIENT ISCHEMIA,Neurological,285,19877.32,7544.3,6467.7,0.3795
Provider_0261,OR,PULMONARY EDEMA,Respiratory,18,11422.6,4465.8,3957.58,0.391
Provider_0132,VA,CHRONIC OBSTRUCTIVE PULMONARY,Respiratory,116,10548.34,3222.13,2659.67,0.3055
Provider_0087,MI,MAJOR JOINT REPLACEMENT - LOWER EXTREMITY,Orthopedic,26,32298.27,11600.71,10849.43,0.3592
Provider_0233,WA,PANCREATIC DISORDERS,Digestive,113,16946.82,5511.66,4711.62,0.3252
Provider_0194,OR,CORONARY BYPASS,Cardiovascular,188,17868.23,6114.19,5053.56,0.3422
Provider_0300,OH,RESPIRATORY INFECTIONS,Respiratory,41,8567.92,3419.69,2970.92,0.3991
Provider_0004,UT,SPINAL FUSION,Orthopedic,69,28102.3,11004.55,8958.2,0.3916
Provider_0126,IL,CHEMOTHERAPY,Oncology,321,28485.21,9338.76,7927.35,0.3278
Provider_0136,AZ,INTRACRANIAL HEMORRHAGE,Neurological,222,14887.78,5042.02,4549.77,0.3387
Provider_0157,NC,TRANSIENT ISCHEMIA,Neurological,14,14312.63,4636.9,3835.05,0.324
Provider_0211,AZ,CARDIAC CATHETERIZATION,Cardiovascular,74,16622.06,5034.55,4286.62,0.3029
Provider_0188,AZ,INTRACRANIAL HEMORRHAGE,Neurological,116,14629.68,4910.82,4429.76,0.3357
Provider_0253,AL,RESPIRATORY INFECTIONS,Respiratory,57,7125.77,2259.51,1882.6,0.3171
Provider_0164,CT,CHEMOTHERAPY,Oncology,44,25720.17,10647.55,9255.55,0.414
Provider_0134,LA,TRANSIENT ISCHEMIA,Neurological,72,12292.94,4432.9,4093.02,0.3606
Provider_0096,AL,CORONARY BYPASS,Cardiovascular,42,15274.76,4308.22,4014.82,0.282
Provider_0067,LA,KIDNEY TRANSPLANT,Renal,551,8294.45,2657.27,2322.6,0.3204
Provider_0028,IN,MAJOR JOINT REPLACEMENT - LOWER EXTREMITY,Orthopedic,445,25323.13,9097.06,8238.7,0.3592
Provider_0230,TN,STROKE,Neurological,116,12146.46,3842.1,3388.49,0.3163
Provider_0121,IL,LYMPHOMA & LEUKEMIA,Oncology,187,29121.66,8626.21,7334.0,0.2962
Provider_0237,FL,GI HEMORRHAGE,Digestive,38,11382.16,4749.25,4453.67,0.4173
Provider_0258,MA,SPINAL FUSION,Orthopedic,46,39444.56,13040.7,11498.39,0.3306
Provider_0023,OR,SEIZURES,Neurological,268,14055.1,5772.52,5060.93,0.4107
Provider_0293,MI,RENAL FAILURE,Renal,56,9795.95,3586.36,3325.94,0.3661
Provider_0085,SC,KIDNEY & URINARY TRACT INFECTIONS,Renal,174,10149.55,3276.01,2729.31,0.3228
Provider_0224,IL,KNEE PROCEDURES,Orthopedic,122,30974.84,12856.89,11388.02,0.4151
Provider_0031,SC,HIP & FEMUR PROCEDURES,Orthopedic,275,27422.73,11384.18,10746.72,0.4151
Provider_0225,TX,CARDIAC CATHETERIZATION,Cardiovascular,36,17391.91,6806.78,5776.75,0.3914
Provider_0105,MD,CHRONIC OBSTRUCTIVE PULMONARY,Respiratory,51,10726.76,3622.69,3026.23,0.3377
Provider_0134,IN,STROKE,Neurological,424,14094.48,5320.56,4344.59,0.3775
Provider_0054,LA,SEIZURES,Neurological,155,14498.72,4574.14,4260.15,0.3155
Provider_0070,TX,PERCUTANEOUS CARDIOVASCULAR PROC,Cardiovascular,176,20627.87,6878.61,6338.51,0.3335
Provider_0136,MO,CHRONIC OBSTRUCTIVE PULMONARY,Respiratory,29,8572.52,2589.52,2357.62,0.3021
Provider_0208,MA,RADIATION THERAPY,Oncology,45,31604.89,13255.75,12189.5,0.4194
Provider_0050,MO,DIGESTIVE MALIGNANCY,Digestive,164,9371.14,2852.93,2704.97,0.3044
Provider_0130,VA,KIDNEY & URINARY TRACT INFECTIONS,Renal,229,13720.29,4678.28,4135.14,0.341
Provider_0048,FL,RADIATION THERAPY,Oncology,21,20721.3,6578.71,5827.32,0.3175
Provider_0298,TX,KIDNEY & URINARY TRACT INFECTIONS,Renal,33,11406.88,3315.92,3039.94,0.2907
Provider_0285,NY,SPINAL FUSION,Orthopedic,28,45542.57,19051.42,16066.84,0.4183
Provider_0246,MO,KIDNEY & URINARY TRACT INFECTIONS,Renal,123,11840.71,4671.03,4345.67,0.3945
Provider_0144,NJ,RESPIRATORY INFECTIONS,Respiratory,478,11782.88,3943.61,3434.06,0.3347
Provider_0030,OH,INTRACRANIAL HEMORRHAGE,Neurological,24,15742.43,4779.06,4299.03,0.3036
Provider_0292,GA,RENAL FAILURE,Renal,15,9462.37,3176.65,2650.88,0.3357
Provider_0240,TN,LYMPHOMA & LEUKEMIA,Oncology,86,19456.62,7978.58,6681.4,0.4101
Provider_0276,OK,PANCREATIC DISORDERS,Digestive,42,10133.7,3556.32,3126.79,0.3509
Provider_0269,NC,SIMPLE PNEUMONIA & PLEURISY,Respiratory,37,7580.36,2814.34,2374.14,0.3713
Provider_0014,CT,HIP & FEMUR PROCEDURES,Orthopedic,87,35036.54,12953.88,12198.75,0.3697
Provider_0154,FL,MAJOR JOINT REPLACEMENT - LOWER EXTREMITY,Orthopedic,61,30408.68,8566.01,7023.83,0.2817
Provider_0037,UT,TRANSIENT ISCHEMIA,Neurological,102,17823.25,5381.22,4455.36,0.3019
Provider_0056,MO,PANCREATIC DISORDERS,Digestive,79,10436.97,3020.52,2530.91,0.2894
Provider_0267,LA,KNEE PROCEDURES,Orthopedic,57,22082.06,6223.53,5745.54,0.2818
Provider_0186,TX,CARDIAC ARRHYTHMIA,Cardiovascular,204,20563.19,6621.81,5562.83,0.322
Provider_0012,WA,CHEMOTHERAPY,Oncology,158,30387.51,12706.86,10641.01,0.4182
Provider_0259,MN,SPINAL FUSION,Orthopedic,81,28672.07,8593.5,7756.19,0.2997
Provider_0233,TX,KIDNEY TRANSPLANT,Renal,225,11758.05,3348.64,2816.68,0.2848
Provider_0125,NY,KIDNEY & URINARY TRACT INFECTIONS,Renal,158,13392.97,4934.55,4513.62,0.3684
Provider_0035,OH,PULMONARY EDEMA,Respiratory,454,10784.82,3133.89,2947.32,0.2906
Provider_0132,WI,SIMPLE PNEUMONIA & PLEURISY,Respiratory,422,7810.34,2731.16,2360.28,0.3497
Provider_0217,TN,GI HEMORRHAGE,Digestive,373,11820.63,4331.6,3838.75,0.3664
Provider_0092,AL,HEART FAILURE & SHOCK,Cardiovascular,377,14302.62,4948.88,4655.47,0.346
Provider_0287,TX,BREAST PROCEDURES,Oncology,162,22943.85,8719.34,7701.47,0.38
Provider_0005,UT,CHEMOTHERAPY,Oncology,263,26106.82,10442.93,8448.36,0.4
Provider_0122,PA,SPINAL FUSION,Orthopedic,66,26738.08,10679.47,9052.14,0.3994
Provider_0040,OK,SIMPLE PNEUMONIA & PLEURISY,Respiratory,22,7218.06,2073.24,1968.41,0.2872
Provider_0112,GA,CORONARY BYPASS,Cardiovascular,55,18325.46,6897.58,6199.3,0.3764
Provider_0134,OH,HIP & FEMUR PROCEDURES,Orthopedic,384,29486.27,11071.49,9417.65,0.3755
Provider_0203,TX,DIGESTIVE MALIGNANCY,Digestive,332,12474.96,4789.68,3891.19,0.3839
Provider_0258,NJ,CARDIAC CATHETERIZATION,Cardiovascular,124,26903.2,10227.27,9249.34,0.3802
Provider_0034,GA,STROKE,Neurological,474,16079.19,6094.9,4999.84,0.3791
Provider_0043,KY,INFLAMMATORY BOWEL DISEASE,Digestive,233,10044.72,3270.46,2732.27,0.3256
Provider_0041,TN,SPINAL FUSION,Orthopedic,55,27607.4,9229.44,7383.79,0.3343
Provider_0215,VA,KIDNEY TRANSPLANT,Renal,51,10421.24,3455.69,2979.77,0.3316
Provider_0026,OH,RENAL FAILURE,Renal,55,11296.35,4191.17,3555.36,0.371
Provider_0136,MD,HIP & FEMUR PROCEDURES,Orthopedic,118,38304.93,15609.06,14732.11,0.4075
Provider_0162,TX,CHRONIC OBSTRUCTIVE PULMONARY,Respiratory,36,8437.48,3197.45,3007.59,0.379
Provider_0066,OR,STROKE,Neurological,322,14614.22,5321.96,4498.79,0.3642
Provider_0068,TN,INFLAMMATORY BOWEL DISEASE,Digestive,68,9185.39,3512.93,3206.46,0.3824
Provider_0130,UT,RADIATION THERAPY,Oncology,63,18823.48,6752.79,5527.59,0.3587
Provider_0106,IN,DIGESTIVE MALIGNANCY,Digestive,275,11060.9,3578.65,3354.65,0.3235
Provider_0130,MO,PERCUTANEOUS CARDIOVASCULAR PROC,Cardiovascular,46,18839.35,6263.17,5026.35,0.3325
Provider_0026,CO,SEIZURES,Neurological,70,15746.2,4416.53,3751.96,0.2805
Provider_0066,CA,SPINAL FUSION,Orthopedic,67,32462.79,12559.71,11771.85,0.3869
Provider_0012,WA,SPINAL FUSION,Orthopedic,119,34751.62,12242.05,11397.02,0.3523
Provider_0262,NJ,STROKE,Neurological,132,20283.16,6067.68,5623.17,0.2991
Provider_0186,CA,PERCUTANEOUS CARDIOVASCULAR PROC,Cardiovascular,89,24560.81,10225.94,8250.55,0.4164
Provider_0232,MN,GI HEMORRHAGE,Digestive,77,13074.61,5270.45,4924.66,0.4031
Provider_0267,WA,HEART FAILURE & SHOCK,Cardiovascular,286,20797.0,7721.55,6997.45,0.3713
Provider_0031,WA,MAJOR JOINT REPLACEMENT - LOWER EXTREMITY,Orthopedic,136,39805.75,15407.9,13262.94,0.3871
Provider_0219,IL,KNEE PROCEDURES,Orthopedic,160,32378.83,12163.39,10222.3,0.3757
Provider_0205,CT,KNEE PROCEDURES,Orthopedic,72,39342.58,15622.76,13563.06,0.3971
Provider_0167,AL,SPINAL FUSION,Orthopedic,152,26095.15,9800.76,8418.08,0.3756
Provider_0262,WI,SPINAL FUSION,Orthopedic,151,24218.99,9961.05,9204.04,0.4113
Provider_0299,WI,KIDNEY TRANSPLANT,Renal,235,9759.37,2762.19,2534.96,0.283
Provider_0259,MI,BREAST PROCEDURES,Oncology,178,21004.54,7862.87,6341.27,0.3743
Provider_0046,GA,PERCUTANEOUS CARDIOVASCULAR PROC,Cardiovascular,40,14944.69,5191.92,4285.38,0.3474
Provider_0187,OK,HIP & FEMUR PROCEDURES,Orthopedic,50,23653.68,9323.98,7709.82,0.3942
Provider_0026,MA,SPINAL FUSION,Orthopedic,62,40170.41,12940.42,10354.59,0.3221
Provider_0167,TN,GI HEMORRHAGE,Digestive,95,12910.39,4161.21,3348.24,0.3223
Provider_0072,KY,RESPIRATORY INFECTIONS,Respiratory,114,9481.93,3518.44,3170.0,0.3711
Provider_0173,AZ,KNEE PROCEDURES,Orthopedic,53,31720.67,11599.82,10023.14,0.3657
Provider_0118,NY,PULMONARY EDEMA,Respiratory,320,13234.08,3834.56,3385.65,0.2897
Provider_0104,NY,INTRACRANIAL HEMORRHAGE,Neurological,83,22428.14,7095.05,6295.17,0.3163
Provider_0268,MN,MAJOR JOINT REPLACEMENT - LOWER EXTREMITY,Orthopedic,33,34034.91,13512.51,11915.04,0.397
Provider_0228,OR,TRANSIENT ISCHEMIA,Neurological,106,19462.75,7959.5,7423.16,0.409
Provider_0018,PA,INTRACRANIAL HEMORRHAGE,Neurological,31,15644.0,5829.28,5217.53,0.3726
Provider_0286,MD,PULMONARY EDEMA,Respiratory,13,10701.96,4133.07,3645.05,0.3862
Provider_0167,WI,MAJOR JOINT REPLACEMENT - LOWER EXTREMITY,Orthopedic,236,28389.42,9238.58,8116.67,0.3254
Provider_0201,LA,CARDIAC ARRHYTHMIA,Cardiovascular,407,18500.35,6050.64,5421.14,0.3271
Provider_0143,NJ,GI HEMORRHAGE,Digestive,35,17723.16,5221.36,4178.21,0.2946
Provider_0294,IL,CARDIAC ARRHYTHMIA,Cardiovascular,99,21425.96,8988.47,7593.67,0.4195
Provider_0057,CA,RENAL FAILURE,Renal,40,13427.13,4327.99,3932.66,0.3223
Provider_0226,AZ,SPINAL FUSION,Orthopedic,222,24580.54,7650.35,6814.83,0.3112
Provider_0189,OR,HIP & FEMUR PROCEDURES,Orthopedic,47,26647.27,8820.77,7559.28,0.331
Provider_0122,NY,STROKE,Neurological,98,22318.21,7444.06,7057.85,0.3335
Provider_0153,CA,HIP & FEMUR PROCEDURES,Orthopedic,37,35211.44,11905.21,9907.84,0.3381
Provider_0300,IN,PERCUTANEOUS CARDIOVASCULAR PROC,Cardiovascular,36,17108.57,5619.58,4938.96,0.3285
Provider_0180,NY,CHRONIC OBSTRUCTIVE PULMONARY,Respiratory,59,11512.36,3745.56,3024.13,0.3254
Provider_0297,LA,STROKE,Neurological,45,11779.05,3874.99,3447.43,0.329
Provider_0266,LA,SEIZURES,Neurological,110,12333.03,3704.54,3300.44,0.3004
Provider_0091,FL,BREAST PROCEDURES,Oncology,96,27072.44,7868.72,6706.31,0.2907
Provider_0180,LA,KIDNEY & URINARY TRACT INFECTIONS,Renal,87,10211.56,3711.56,3448.62,0.3635
Provider_0219,VA,CARDIAC CATHETERIZATION,Cardiovascular,57,16266.65,4601.96,3954.59,0.2829
Provider_0063,CO,RENAL FAILURE,Renal,32,13791.58,4735.05,4155.52,0.3433
Provider_0130,NJ,GI HEMORRHAGE,Digestive,253,16514.51,5154.49,4245.53,0.3121
Provider_0207,TX,PANCREATIC DISORDERS,Digestive,61,13933.71,4507.65,4281.69,0.3235
Provider_0171,VA,TRANSIENT ISCHEMIA,Neurological,92,18660.95,7191.44,5937.77,0.3854
Provider_0192,WI,INFLAMMATORY BOWEL DISEASE,Digestive,47,10999.36,3537.31,3136.11,0.3216
Provider_0152,IN,INFLAMMATORY BOWEL DISEASE,Digestive,26,10291.49,3373.11,2797.4,0.3278
Provider_0019,TX,KIDNEY & URINARY TRACT INFECTIONS,Renal,51,11158.38,3867.0,3391.88,0.3466
Provider_0048,CA,GI HEMORRHAGE,Digestive,446,17205.74,5976.83,5446.14,0.3474
Provider_0115,NJ,KNEE PROCEDURES,Orthopedic,56,42089.69,14468.34,12151.69,0.3438
Provider_0223,CA,INTRACRANIAL HEMORRHAGE,Neurological,55,19864.73,7288.16,6664.14,0.3669
Provider_0084,CT,GI HEMORRHAGE,Digestive,87,16947.44,5944.75,5092.27,0.3508
Provider_0269,CT,KIDNEY & URINARY TRACT INFECTIONS,Renal,132,15822.31,6461.48,5654.2,0.4084
Provider_0246,MI,RENAL FAILURE,Renal,77,13444.56,4135.92,3366.42,0.3076
Provider_0230,SC,RENAL FAILURE,Renal,231,8604.57,3366.56,2785.65,0.3913
Provider_0162,IL,INTRACRANIAL HEMORRHAGE,Neurological,173,17157.4,5173.57,4327.27,0.3015
Provider_0273,TN,CORONARY BYPASS,Cardiovascular,94,14122.96,5777.66,4775.62,0.4091
Provider_0019,MN,INFLAMMATORY BOWEL DISEASE,Digestive,56,14589.33,5473.6,4853.17,0.3752
Provider_0126,TX,CORONARY BYPASS,Cardiovascular,135,21856.96,7800.55,6690.25,0.3569
Provider_0107,MD,RENAL FAILURE,Renal,55,12797.67,4363.44,3538.9,0.341
Provider_0076,MO,SPINAL FUSION,Orthopedic,120,23109.43,8245.86,7657.37,0.3568
Provider_0256,NY,CARDIAC CATHETERIZATION,Cardiovascular,81,22256.96,8099.86,6821.36,0.3639
Provider_0100,OH,CARDIAC ARRHYTHMIA,Cardiovascular,288,18706.84,7071.08,6535.21,0.378
Provider_0198,AZ,KIDNEY & URINARY TRACT INFECTIONS,Renal,224,10987.6,3344.26,2952.22,0.3044
Provider_0017,OR,SPINAL FUSION,Orthopedic,293,30200.21,10929.08,8763.24,0.3619
Provider_0126,MN,CORONARY BYPASS,Cardiovascular,214,17928.64,6343.9,5269.25,0.3538
Provider_0207,TX,MAJOR JOINT REPLACEMENT - LOWER EXTREMITY,Orthopedic,19,27491.05,10673.81,8647.53,0.3883
Provider_0047,NY,KIDNEY TRANSPLANT,Renal,228,16983.28,5067.23,4504.12,0.2984
Provider_0014,OK,RESPIRATORY INFECTIONS,Respiratory,294,8882.88,3512.72,3202.7,0.3954
Provider_0241,AZ,TRANSIENT ISCHEMIA,Neurological,28,17916.82,6346.7,5980.31,0.3542
Provider_0145,KY,STROKE,Neurological,223,13316.29,5392.31,4409.28,0.4049
Provider_0216,OR,CHRONIC OBSTRUCTIVE PULMONARY,Respiratory,80,9496.4,3016.03,2608.0,0.3176
Provider_0108,IN,SPINAL FUSION,Orthopedic,52,23822.91,8894.65,8010.06,0.3734
Provider_0097,MA,GI HEMORRHAGE,Digestive,98,16652.31,4875.66,4216.92,0.2928
Provider_0087,MA,RADIATION THERAPY,Oncology,210,31755.25,11518.9,10147.14,0.3627
Provider_0022,UT,KIDNEY TRANSPLANT,Renal,41,11703.71,4133.7,3311.73,0.3532
Provider_0077,IN,PANCREATIC DISORDERS,Digestive,115,11727.61,4300.47,3986.79,0.3667
Provider_0227,CT,RESPIRATORY INFECTIONS,Respiratory,81,10963.58,4116.95,3890.38,0.3755
Provider_0096,CT,KIDNEY TRANSPLANT,Renal,111,11840.55,4812.09,3877.97,0.4064
Provider_0203,KY,SPINAL FUSION,Orthopedic,271,27861.53,8569.42,7653.09,0.3076
Provider_0003,MI,RENAL FAILURE,Renal,165,11206.24,4588.62,3785.83,0.4095
Provider_0098,OR,CORONARY BYPASS,Cardiovascular,60,17969.29,5746.27,5237.42,0.3198
Provider_0068,AL,SPINAL FUSION,Orthopedic,35,23956.94,8802.95,7226.11,0.3674
Provider_0233,AZ,PULMONARY EDEMA,Respiratory,27,10368.73,3799.82,3507.27,0.3665
Provider_0271,CT,RESPIRATORY INFECTIONS,Respiratory,194,13017.98,4947.37,4346.94,0.38
Provider_0255,IN,KIDNEY TRANSPLANT,Renal,37,11752.97,4790.93,4269.59,0.4076
Provider_0032,MA,DIGESTIVE MALIGNANCY,Digestive,40,14950.8,5652.71,4712.26,0.3781
Provider_0219,MD,RADIATION THERAPY,Oncology,204,28396.34,11677.36,9631.67,0.4112
Provider_0034,NC,CORONARY BYPASS,Cardiovascular,56,19275.98,5928.19,4885.2,0.3075
Provider_0241,LA,STROKE,Neurological,10,12447.48,3975.52,3711.13,0.3194
Provider_0080,WA,CORONARY BYPASS,Cardiovascular,23,18604.71,5439.51,5041.59,0.2924
Provider_0161,AL,BREAST PROCEDURES,Oncology,155,16790.06,6612.14,5962.7,0.3938
Provider_0185,UT,PERCUTANEOUS CARDIOVASCULAR PROC,Cardiovascular,250,18061.98,6021.14,5659.4,0.3334
Provider_0166,AZ,DIGESTIVE MALIGNANCY,Digestive,467,12720.63,4682.81,4217.43,0.3681
Provider_0070,NY,PANCREATIC DISORDERS,Digestive,168,15958.49,5133.43,4467.8,0.3217
Provider_0122,MN,CARDIAC ARRHYTHMIA,Cardiovascular,240,21985.1,8191.57,6952.44,0.3726
Provider_0027,OH,MAJOR JOINT REPLACEMENT - LOWER EXTREMITY,Orthopedic,224,31489.31,8912.85,7450.41,0.283
Provider_0246,GA,DIGESTIVE MALIGNANCY,Digestive,116,11723.98,4141.4,3446.85,0.3532
Provider_0297,NY,STROKE,Neurological,111,24569.28,8689.31,7130.1,0.3537
Provider_0089,GA,PERCUTANEOUS CARDIOVASCULAR PROC,Cardiovascular,13,17607.06,5138.35,4472.47,0.2918
Provider_0202,MI,GI HEMORRHAGE,Digestive,14,12931.46,4412.1,3545.59,0.3412
Provider_0034,OR,PERCUTANEOUS CARDIOVASCULAR PROC,Cardiovascular,104,23467.65,9027.3,8372.99,0.3847
Provider_0293,OR,MAJOR JOINT REPLACEMENT - LOWER EXTREMITY,Orthopedic,217,35200.03,13437.19,11460.74,0.3817
Provider_0028,OK,SPINAL FUSION,Orthopedic,133,21336.4,8675.91,7680.7,0.4066
Provider_0087,PA,RADIATION THERAPY,Oncology,385,23064.33,7394.09,6505.12,0.3206
Provider_0109,GA,DIGESTIVE MALIGNANCY,Digestive,93,12208.78,3654.38,2944.7,0.2993
Provider_0098,OK,PULMONARY EDEMA,Respiratory,124,7814.0,2230.38,1795.97,0.2854
Provider_0106,AZ,CHRONIC OBSTRUCTIVE PULMONARY,Respiratory,129,9264.79,3764.25,3378.96,0.4063
Provider_0129,UT,RESPIRATORY INFECTIONS,Respiratory,10,8028.04,3091.73,2576.71,0.3851
Provider_0080,WI,SPINAL FUSION,Orthopedic,156,26417.76,8620.21,7624.85,0.3263
Provider_0189,PA,HEART FAILURE & SHOCK,Cardiovascular,37,22277.85,8412.53,6794.17,0.3776
Provider_0245,CO,PANCREATIC DISORDERS,Digestive,294,12272.31,4192.72,3940.24,0.3416
Provider_0072,FL,CORONARY BYPASS,Cardiovascular,82,23308.7,8520.94,7821.94,0.3656
Provider_0138,WA,KIDNEY TRANSPLANT,Renal,166,12054.21,3492.72,3017.86,0.2898
Provider_0101,MD,CHEMOTHERAPY,Oncology,284,30888.36,11534.95,10909.6,0.3734
Provider_0258,OH,SPINAL FUSION,Orthopedic,42,23841.13,7303.18,5846.99,0.3063
Provider_0276,MD,INTRACRANIAL HEMORRHAGE,Neurological,182,20202.26,8415.09,7542.46,0.4165
Provider_0115,SC,CHRONIC OBSTRUCTIVE PULMONARY,Respiratory,335,7580.27,2331.15,1958.68,0.3075
Provider_0221,MD,KNEE PROCEDURES,Orthopedic,161,32160.13,11063.62,9097.54,0.344
Provider_0146,TN,CARDIAC ARRHYTHMIA,Cardiovascular,13,18792.04,7592.78,6312.47,0.404
Provider_0132,IN,KNEE PROCEDURES,Orthopedic,22,26619.08,9370.72,8154.55,0.352
Provider_0031,KY,HEART FAILURE & SHOCK,Cardiovascular,126,14067.37,5306.88,4549.46,0.3772
Provider_0136,NY,HIP & FEMUR PROCEDURES,Orthopedic,62,33741.58,11985.8,11248.48,0.3552
Provider_0096,AZ,SPINAL FUSION,Orthopedic,110,32570.27,11516.06,9370.15,0.3536
Provider_0214,GA,INTRACRANIAL HEMORRHAGE,Neurological,155,12576.08,3549.61,2929.44,0.2823
Provider_0030,SC,GI HEMORRHAGE,Digestive,378,9267.79,3289.83,2786.09,0.355
Provider_0255,OH,SPINAL FUSION,Orthopedic,45,30646.41,10689.82,9971.64,0.3488
Provider_0169,KY,SEIZURES,Neurological,58,13715.9,5247.48,4353.89,0.3826
Provider_0178,GA,INTRACRANIAL HEMORRHAGE,Neurological,176,15904.93,5319.7,4855.52,0.3345
Provider_0104,SC,PANCREATIC DISORDERS,Digestive,51,11013.74,3576.05,3088.4,0.3247
Provider_0015,FL,KIDNEY & URINARY TRACT INFECTIONS,Renal,64,11128.09,3752.55,3292.34,0.3372
Provider_0126,OH,CARDIAC ARRHYTHMIA,Cardiovascular,176,18046.61,5330.88,4477.98,0.2954
Provider_0146,WI,HIP & FEMUR PROCEDURES,Orthopedic,78,28087.37,11745.67,9922.19,0.4182
Provider_0205,MO,KIDNEY & URINARY TRACT INFECTIONS,Renal,108,9436.97,2690.96,2481.84,0.2852
Provider_0107,IN,MAJOR JOINT REPLACEMENT - LOWER EXTREMITY,Orthopedic,77,28438.6,10338.82,8729.12,0.3635
Provider_0044,FL,GI HEMORRHAGE,Digestive,10,12296.99,4448.62,3956.24,0.3618
Provider_0067,VA,KNEE PROCEDURES,Orthopedic,110,30582.05,11066.87,9097.22,0.3619
Provider_0134,CT,RESPIRATORY INFECTIONS,Respiratory,127,10022.85,3887.44,3614.91,0.3879
Provider_0144,CA,PULMONARY EDEMA,Respiratory,62,12415.16,3807.1,3244.65,0.3066
Provider_0099,AL,CARDIAC CATHETERIZATION,Cardiovascular,46,14075.25,3968.65,3610.89,0.282
Provider_0227,IL,DIGESTIVE MALIGNANCY,Digestive,149,14229.36,4713.58,4080.42,0.3313
Provider_0081,CA,SPINAL FUSION,Orthopedic,192,41664.55,15491.58,12753.66,0.3718
Provider_0222,WA,CHRONIC OBSTRUCTIVE PULMONARY,Respiratory,214,11559.77,4396.28,3545.25,0.3803
Provider_0293,CO,CORONARY BYPASS,Cardiovascular,19,17920.2,5423.57,4363.38,0.3027
Provider_0290,MI,CARDIAC ARRHYTHMIA,Cardiovascular,57,15651.82,5876.28,4937.84,0.3754
Provider_0248,CA,PULMONARY EDEMA,Respiratory,21,11754.27,3522.14,2959.15,0.2996
Provider_0177,IL,SEIZURES,Neurological,61,18818.81,6909.28,6020.73,0.3671
Provider_0177,MD,RESPIRATORY INFECTIONS,Respiratory,250,12292.84,4790.69,4125.76,0.3897
Provider_0051,TX,KNEE PROCEDURES,Orthopedic,31,36749.24,13911.72,12701.49,0.3786
Provider_0264,AL,MAJOR JOINT REPLACEMENT - LOWER EXTREMITY,Orthopedic,51,24309.12,7182.39,6253.98,0.2955
Provider_0189,PA,RESPIRATORY INFECTIONS,Respiratory,41,8285.75,3387.1,2979.16,0.4088
Provider_0038,AZ,SEIZURES,Neurological,33,14730.7,6136.96,5251.27,0.4166
Provider_0090,AZ,CARDIAC CATHETERIZATION,Cardiovascular,561,17568.59,7190.75,6826.78,0.4093
Provider_0280,AZ,BREAST PROCEDURES,Oncology,88,22482.35,8203.02,7102.4,0.3649
Provider_0208,AL,KNEE PROCEDURES,Orthopedic,218,24224.54,8415.61,7134.74,0.3474
Provider_0168,NY,HIP & FEMUR PROCEDURES,Orthopedic,76,46799.76,14130.65,12450.83,0.3019
Provider_0051,KY,CHRONIC OBSTRUCTIVE PULMONARY,Respiratory,341,7358.38,3080.37,2601.95,0.4186
Provider_0230,LA,SIMPLE PNEUMONIA & PLEURISY,Respiratory,18,7929.08,2896.69,2500.65,0.3653
Provider_0203,MA,RADIATION THERAPY,Oncology,37,25339.17,8203.8,7652.82,0.3238
Provider_0003,LA,PERCUTANEOUS CARDIOVASCULAR PROC,Cardiovascular,63,18186.29,6849.96,5629.39,0.3767
Provider_0182,CA,RENAL FAILURE,Renal,29,17133.06,5520.55,4792.45,0.3222
Provider_0003,CA,RENAL FAILURE,Renal,328,12663.84,5180.33,4186.52,0.4091
Provider_0017,MA,HIP & FEMUR PROCEDURES,Orthopedic,116,39028.8,13765.26,12704.91,0.3527
Provider_0012,MO,RENAL FAILURE,Renal,34,10589.15,3828.01,3365.55,0.3615
Provider_0030,GA,CARDIAC ARRHYTHMIA,Cardiovascular,28,16933.86,4919.9,4338.28,0.2905
Provider_0046,CO,LYMPHOMA & LEUKEMIA,Oncology,79,22042.06,6599.91,5669.34,0.2994
Provider_0091,KY,PERCUTANEOUS CARDIOVASCULAR PROC,Cardiovascular,228,14655.28,5241.87,4761.37,0.3577
Provider_0281,CO,KIDNEY & URINARY TRACT INFECTIONS,Renal,133,12497.99,4318.62,4041.96,0.3455
Provider_0240,GA,HEART FAILURE & SHOCK,Cardiovascular,374,16302.41,5126.96,4564.38,0.3145
Provider_0219,MN,LYMPHOMA & LEUKEMIA,Oncology,90,25355.37,7348.37,6106.81,0.2898
Provider_0267,PA,PULMONARY EDEMA,Respiratory,23,9333.72,3572.49,3351.68,0.3828
Provider_0216,KY,CORONARY BYPASS,Cardiovascular,100,17567.57,7032.97,6620.82,0.4003
Provider_0001,MA,CORONARY BYPASS,Cardiovascular,193,26285.7,10772.03,10217.16,0.4098
Provider_0222,WI,CARDIAC ARRHYTHMIA,Cardiovascular,195,15165.18,4367.03,3537.61,0.288
Provider_0052,MA,HIP & FEMUR PROCEDURES,Orthopedic,232,41808.54,15995.53,14272.33,0.3826
Provider_0073,OH,HIP & FEMUR PROCEDURES,Orthopedic,362,32345.53,10191.84,9465.43,0.3151
Provider_0186,PA,INFLAMMATORY BOWEL DISEASE,Digestive,13,12310.58,4852.79,4474.73,0.3942
Provider_0097,SC,HEART FAILURE & SHOCK,Cardiovascular,29,17816.58,5600.07,5099.83,0.3143
Provider_0045,SC,RADIATION THERAPY,Oncology,80,16763.16,5542.34,5062.78,0.3306
Provider_0274,MI,PANCREATIC DISORDERS,Digestive,222,11418.46,3550.56,3164.73,0.3109
Provider_0094,WA,SEIZURES,Neurological,324,16563.38,5249.43,4751.21,0.3169
Provider_0215,SC,STROKE,Neurological,32,13349.87,4872.0,4139.46,0.3649
Provider_0293,TN,KNEE PROCEDURES,Orthopedic,21,21852.96,8741.48,7262.09,0.4
Provider_0027,OR,CARDIAC CATHETERIZATION,Cardiovascular,63,17825.68,5105.89,4756.52,0.2864
Provider_0161,TN,CORONARY BYPASS,Cardiovascular,53,15123.65,5437.02,5030.71,0.3595
Provider_0279,KY,CHEMOTHERAPY,Oncology,311,17198.61,7016.9,6130.11,0.408
Provider_0153,LA,RADIATION THERAPY,Oncology,247,19873.21,8007.89,6588.53,0.4029
Provider_0123,MI,PANCREATIC DISORDERS,Digestive,135,14161.27,4720.64,4194.23,0.3333
Provider_0210,FL,CORONARY BYPASS,Cardiovascular,49,19973.65,7755.07,7024.91,0.3883
Provider_0217,MA,BREAST PROCEDURES,Oncology,154,29411.11,8987.34,7355.99,0.3056
Provider_0177,MI,KIDNEY TRANSPLANT,Renal,208,11766.83,4939.97,4658.18,0.4198
Provider_0031,CO,KNEE PROCEDURES,Orthopedic,194,28633.52,9544.98,8744.96,0.3333
Provider_0135,OR,BREAST PROCEDURES,Oncology,114,25672.02,7884.72,6540.28,0.3071
Provider_0011,MA,RENAL FAILURE,Renal,86,14332.12,4604.84,4218.37,0.3213
Provider_0189,GA,TRANSIENT ISCHEMIA,Neurological,27,16066.61,5478.97,4491.59,0.341
Provider_0175,OH,SPINAL FUSION,Orthopedic,28,29106.01,10653.4,9290.04,0.366
Provider_0036,CA,HEART FAILURE & SHOCK,Cardiovascular,138,24335.17,9128.67,7920.75,0.3751
Provider_0046,WI,CHRONIC OBSTRUCTIVE PULMONARY,Respiratory,196,9647.97,2962.28,2393.09,0.307
Provider_0181,OK,INFLAMMATORY BOWEL DISEASE,Digestive,65,11439.67,3673.83,3255.77,0.3211
Provider_0013,IN,HIP & FEMUR PROCEDURES,Orthopedic,123,22975.92,6958.61,6235.68,0.3029
Provider_0103,MD,CHRONIC OBSTRUCTIVE PULMONARY,Respiratory,110,11926.53,4161.59,3923.25,0.3489
Provider_0006,AZ,DIGESTIVE MALIGNANCY,Digestive,23,12405.57,4541.53,3790.58,0.3661
Provider_0083,LA,STROKE,Neurological,172,11448.69,4114.97,3556.82,0.3594
Provider_0070,CO,KIDNEY TRANSPLANT,Renal,32,11737.86,4087.56,3792.64,0.3482
Provider_0203,CO,BREAST PROCEDURES,Oncology,298,21726.7,7446.9,6639.78,0.3428
Provider_0296,TN,HIP & FEMUR PROCEDURES,Orthopedic,354,23765.97,7407.55,6989.94,0.3117
Provider_0049,KY,CARDIAC ARRHYTHMIA,Cardiovascular,31,17381.49,6835.22,6399.21,0.3932
Provider_0249,AL,RADIATION THERAPY,Oncology,122,16700.61,5778.8,5166.83,0.346
Provider_0097,UT,RESPIRATORY INFECTIONS,Respiratory,42,9781.81,3328.7,2720.22,0.3403
Provider_0124,MD,HEART FAILURE & SHOCK,Cardiovascular,375,20771.67,6910.02,6298.42,0.3327
Provider_0205,GA,CORONARY BYPASS,Cardiovascular,41,14856.11,5052.5,4639.36,0.3401
Provider_0011,VA,RENAL FAILURE,Renal,112,13847.17,5542.5,4440.38,0.4003
Provider_0086,VA,STROKE,Neurological,62,18030.58,6932.73,6577.94,0.3845
Provider_0022,OH,KNEE PROCEDURES,Orthopedic,42,29088.13,8791.88,7688.94,0.3022
Provider_0180,WI,RADIATION THERAPY,Oncology,31,20532.24,6186.13,5684.01,0.3013
Provider_0130,TX,CARDIAC CATHETERIZATION,Cardiovascular,132,19655.16,7360.2,6324.89,0.3745
Provider_0229,LA,PERCUTANEOUS CARDIOVASCULAR PROC,Cardiovascular,167,16482.17,5162.99,4333.43,0.3132
Provider_0250,FL,KNEE PROCEDURES,Orthopedic,182,34062.51,13932.1,11394.52,0.409
Provider_0156,TN,PULMONARY EDEMA,Respiratory,99,9098.64,3527.07,3009.06,0.3876
Provider_0180,AL,SPINAL FUSION,Orthopedic,29,25891.97,7630.02,7102.15,0.2947
Provider_0149,MA,CHRONIC OBSTRUCTIVE PULMONARY,Respiratory,124,12878.28,5196.32,4225.79,0.4035
Provider_0071,OR,SIMPLE PNEUMONIA & PLEURISY,Respiratory,77,10419.71,3592.83,2965.13,0.3448
Provider_0116,WA,INTRACRANIAL HEMORRHAGE,Neurological,14,17036.25,6424.26,5549.96,0.3771
Provider_0081,NJ,HEART FAILURE & SHOCK,Cardiovascular,239,25832.44,8186.89,6947.68,0.3169
Provider_0154,SC,INTRACRANIAL HEMORRHAGE,Neurological,70,15164.07,5848.63,5132.6,0.3857
Provider_0145,TX,CORONARY BYPASS,Cardiovascular,195,21379.34,7381.58,6973.14,0.3453
Provider_0013,CT,CORONARY BYPASS,Cardiovascular,112,22229.66,7178.72,6181.25,0.3229
Provider_0057,OR,CARDIAC ARRHYTHMIA,Cardiovascular,181,20513.07,5938.01,5078.47,0.2895
Provider_0263,NC,PANCREATIC DISORDERS,Digestive,319,9936.33,3224.58,2594.74,0.3245
Provider_0255,NY,MAJOR JOINT REPLACEMENT - LOWER EXTREMITY,Orthopedic,91,39749.69,11562.56,9704.2,0.2909
Provider_0080,OK,CORONARY BYPASS,Cardiovascular,14,13964.67,5277.47,4512.27,0.3779
Provider_0152,SC,HEART FAILURE & SHOCK,Cardiovascular,34,15896.36,6230.39,5416.01,0.3919
Provider_0108,MD,DIGESTIVE MALIGNANCY,Digestive,91,12792.49,3886.62,3111.84,0.3038
Provider_0281,CA,HEART FAILURE & SHOCK,Cardiovascular,255,20810.86,7415.65,6742.11,0.3563
Provider_0121,CT,PANCREATIC DISORDERS,Digestive,122,15873.1,5578.03,4466.06,0.3514
Provider_0190,OK,RENAL FAILURE,Renal,60,11122.68,4015.19,3319.94,0.361
Provider_0209,NJ,RADIATION THERAPY,Oncology,102,24173.2,7626.81,6456.89,0.3155
Provider_0139,WI,PULMONARY EDEMA,Respiratory,53,7793.69,2452.41,2062.29,0.3147
Provider_0164,SC,KIDNEY TRANSPLANT,Renal,226,10188.29,3816.07,3410.52,0.3746
Provider_0221,OK,CHRONIC OBSTRUCTIVE PULMONARY,Respiratory,45,8772.15,3623.3,3151.49,0.413
Provider_0250,AZ,STROKE,Neurological,199,15073.13,6239.11,5921.27,0.4139
Provider_0010,GA,PERCUTANEOUS CARDIOVASCULAR PROC,Cardiovascular,27,14719.06,6046.77,4971.41,0.4108
Provider_0008,UT,KIDNEY TRANSPLANT,Renal,229,12218.79,3521.98,2928.22,0.2882
Provider_0085,CT,STROKE,Neurological,20,21791.42,8753.3,8312.89,0.4017
Provider_0195,TN,CORONARY BYPASS,Cardiovascular,184,19317.6,7297.71,6294.37,0.3778
Provider_0113,AZ,RENAL FAILURE,Renal,46,13275.97,5475.97,4778.45,0.4125
Provider_0116,MO,RESPIRATORY INFECTIONS,Respiratory,147,9575.1,3787.54,3286.03,0.3956
Provider_0132,OR,PULMONARY EDEMA,Respiratory,206,11814.17,3949.42,3660.18,0.3343
Provider_0036,NC,MAJOR JOINT REPLACEMENT - LOWER EXTREMITY,Orthopedic,89,24899.2,8066.41,7049.0,0.324
Provider_0154,MA,RENAL FAILURE,Renal,126,12714.76,4117.88,3552.34,0.3239
Provider_0283,IN,HIP & FEMUR PROCEDURES,Orthopedic,27,29914.93,12202.45,10605.22,0.4079
Provider_0169,IL,RESPIRATORY INFECTIONS,Respiratory,164,11445.49,4601.87,4352.88,0.4021
Provider_0133,VA,SEIZURES,Neurological,72,16239.35,4989.91,4449.19,0.3073
Provider_0297,MO,STROKE,Neurological,77,13562.74,4755.74,4066.32,0.3506
Provider_0201,MO,CORONARY BYPASS,Cardiovascular,60,15696.26,5991.98,5067.45,0.3817
Provider_0069,WA,PULMONARY EDEMA,Respiratory,158,10386.32,3108.1,2494.69,0.2992
Provider_0013,SC,CHRONIC OBSTRUCTIVE PULMONARY,Respiratory,56,7929.97,3012.95,2416.29,0.3799
Provider_0097,VA,MAJOR JOINT REPLACEMENT - LOWER EXTREMITY,Orthopedic,167,33343.53,12992.41,11723.41,0.3897
Provider_0036,OH,BREAST PROCEDURES,Oncology,66,23241.78,6967.65,5643.58,0.2998
Provider_0294,IL,PERCUTANEOUS CARDIOVASCULAR PROC,Cardiovascular,306,19086.13,6352.25,5710.85,0.3328
Provider_0277,CA,RENAL FAILURE,Renal,17,14710.19,6154.3,5476.62,0.4184
Provider_0256,CA,PERCUTANEOUS CARDIOVASCULAR PROC,Cardiovascular,31,28427.91,9424.42,8487.55,0.3315
Provider_0036,MA,SPINAL FUSION,Orthopedic,130,36430.63,10906.73,10313.22,0.2994
Provider_0221,OK,SEIZURES,Neurological,139,12567.48,3857.62,3559.98,0.307
Provider_0158,VA,HEART FAILURE & SHOCK,Cardiovascular,195,17934.77,5483.51,4431.16,0.3057
Provider_0107,GA,STROKE,Neurological,12,13250.09,3754.37,3198.05,0.2833
Provider_0057,IN,KNEE PROCEDURES,Orthopedic,223,29583.24,8996.37,7853.31,0.3041
Provider_0260,SC,SIMPLE PNEUMONIA & PLEURISY,Respiratory,35,8367.51,3211.05,2722.56,0.3838
Provider_0031,FL,INFLAMMATORY BOWEL DISEASE,Digestive,11,15012.26,4946.61,4695.23,0.3295
Provider_0299,OH,GI HEMORRHAGE,Digestive,51,12970.76,3810.71,3369.04,0.2938
Provider_0191,OR,HEART FAILURE & SHOCK,Cardiovascular,385,21839.38,8647.51,7277.7,0.396
Provider_0033,MO,RENAL FAILURE,Renal,53,11191.71,3612.75,3111.53,0.3228
Provider_0290,AL,CARDIAC CATHETERIZATION,Cardiovascular,86,14264.52,5114.91,4188.44,0.3586
Provider_0235,MA,RENAL FAILURE,Renal,30,14228.99,5237.35,4804.4,0.3681
Provider_0257,NJ,STROKE,Neurological,151,17962.14,6889.69,6494.2,0.3836
Provider_0045,IL,CORONARY BYPASS,Cardiovascular,37,17769.77,5980.61,5520.85,0.3366
Provider_0286,MN,HEART FAILURE & SHOCK,Cardiovascular,106,17427.55,5715.94,5010.18,0.328
Provider_0052,MI,PERCUTANEOUS CARDIOVASCULAR PROC,Cardiovascular,11,19653.79,7020.62,6471.47,0.3572
Provider_0214,MD,CHRONIC OBSTRUCTIVE PULMONARY,Respiratory,75,11460.06,4017.55,3652.37,0.3506
Provider_0225,NY,RESPIRATORY INFECTIONS,Respiratory,81,12141.5,3585.35,3092.54,0.2953
Provider_0285,WI,STROKE,Neurological,152,13319.57,4171.74,3770.69,0.3132
Provider_0117,IN,PANCREATIC DISORDERS,Digestive,119,10047.9,2960.05,2669.46,0.2946
Provider_0039,VA,SPINAL FUSION,Orthopedic,77,28986.72,12012.03,10993.58,0.4144
Provider_0265,TX,CHRONIC OBSTRUCTIVE PULMONARY,Respiratory,176,10848.5,4269.58,3635.71,0.3936
Provider_0283,OR,CARDIAC CATHETERIZATION,Cardiovascular,176,22225.57,9199.08,7726.95,0.4139
Provider_0013,GA,KIDNEY & URINARY TRACT INFECTIONS,Renal,59,10565.02,3974.39,3564.61,0.3762
Provider_0165,WA,CARDIAC CATHETERIZATION,Cardiovascular,88,23430.46,8185.74,7669.33,0.3494
Provider_0239,AZ,PANCREATIC DISORDERS,Digestive,58,14139.23,5241.21,4751.29,0.3707
Provider_0182,VA,RENAL FAILURE,Renal,168,11912.06,3354.59,2943.82,0.2816
Provider_0059,FL,MAJOR JOINT REPLACEMENT - LOWER EXTREMITY,Orthopedic,11,27870.47,10832.46,9114.06,0.3887
Provider_0129,MN,CARDIAC CATHETERIZATION,Cardiovascular,102,21260.76,6201.48,4998.71,0.2917
Provider_0044,WI,SEIZURES,Neurological,11,16600.44,5976.2,5664.93,0.36
Provider_0130,OR,PERCUTANEOUS CARDIOVASCULAR PROC,Cardiovascular,135,18959.19,6295.85,5114.46,0.3321
Provider_0118,NY,HEART FAILURE & SHOCK,Cardiovascular,505,29062.08,11838.07,9856.28,0.4073
Provider_0140,VA,GI HEMORRHAGE,Digestive,183,13826.52,5064.0,4723.33,0.3663
Provider_0242,MA,KIDNEY TRANSPLANT,Renal,119,14027.4,4664.01,3824.31,0.3325
Provider_0057,OK,PANCREATIC DISORDERS,Digestive,103,10607.16,3118.97,2665.16,0.294
Provider_0300,CT,SPINAL FUSION,Orthopedic,190,34961.86,10542.43,9978.01,0.3015
Provider_0034,TN,PANCREATIC DISORDERS,Digestive,286,11090.49,3597.23,3361.53,0.3244
Provider_0023,IL,PERCUTANEOUS CARDIOVASCULAR PROC,Cardiovascular,140,17576.54,7065.04,5848.23,0.402
Provider_0053,GA,INTRACRANIAL HEMORRHAGE,Neurological,57,15573.52,6235.5,5344.26,0.4004
Provider_0256,TN,GI HEMORRHAGE,Digestive,429,10258.04,3068.12,2803.83,0.2991
Provider_0224,NJ,STROKE,Neurological,78,22403.96,8080.34,7150.53,0.3607
Provider_0259,OR,STROKE,Neurological,85,18083.35,7581.49,6814.69,0.4193
Provider_0288,AZ,SPINAL FUSION,Orthopedic,52,25792.93,7631.27,6883.26,0.2959
Provider_0252,MO,HIP & FEMUR PROCEDURES,Orthopedic,37,26348.49,7617.49,6550.28,0.2891
Provider_0119,TX,BREAST PROCEDURES,Oncology,147,23726.57,9079.3,7815.65,0.3827
Provider_0017,IN,KNEE PROCEDURES,Orthopedic,103,22691.52,7658.6,6753.87,0.3375
Provider_0284,MA,KIDNEY TRANSPLANT,Renal,206,14288.81,6000.0,5192.25,0.4199
Provider_0019,WA,SIMPLE PNEUMONIA & PLEURISY,Respiratory,236,10919.19,3966.14,3675.56,0.3632
Provider_0291,MA,DIGESTIVE MALIGNANCY,Digestive,97,16931.91,4846.02,4037.51,0.2862
Provider_0222,CO,PANCREATIC DISORDERS,Digestive,232,15682.23,6556.52,5522.25,0.4181
Provider_0086,CA,KNEE PROCEDURES,Orthopedic,157,35727.03,14697.31,13225.44,0.4114
Provider_0067,GA,CARDIAC ARRHYTHMIA,Cardiovascular,266,19634.64,6889.62,6018.3,0.3509
Provider_0144,CA,BREAST PROCEDURES,Oncology,47,35193.6,11057.98,10347.67,0.3142
Provider_0096,TN,INFLAMMATORY BOWEL DISEASE,Digestive,66,9704.82,3914.63,3571.88,0.4034
Provider_0047,WA,INTRACRANIAL HEMORRHAGE,Neurological,99,20761.74,7635.08,6787.86,0.3677
Provider_0293,MN,SIMPLE PNEUMONIA & PLEURISY,Respiratory,151,9824.55,2936.87,2488.18,0.2989
Provider_0019,NJ,PANCREATIC DISORDERS,Digestive,133,13331.03,4628.89,3889.22,0.3472
Provider_0287,VA,INFLAMMATORY BOWEL DISEASE,Digestive,85,15096.32,4858.76,4423.53,0.3219
Provider_0194,VA,CARDIAC CATHETERIZATION,Cardiovascular,11,20689.8,6602.12,5612.54,0.3191
Provider_0239,AZ,DIGESTIVE MALIGNANCY,Digestive,57,13243.13,5254.36,4338.35,0.3968
Provider_0117,IN,HIP & FEMUR PROCEDURES,Orthopedic,176,27940.11,8905.99,7466.31,0.3188
Provider_0249,TN,CARDIAC ARRHYTHMIA,Cardiovascular,104,15507.34,5847.43,4717.17,0.3771
Provider_0123,VA,DIGESTIVE MALIGNANCY,Digestive,201,11383.55,3767.22,3070.53,0.3309
Provider_0090,LA,CHRONIC OBSTRUCTIVE PULMONARY,Respiratory,160,7463.1,2665.18,2382.97,0.3571
Provider_0146,CT,RENAL FAILURE,Renal,96,11825.09,3420.3,2933.11,0.2892
Provider_0064,NY,RENAL FAILURE,Renal,43,15824.58,4745.14,4288.4,0.2999
Provider_0237,MN,PANCREATIC DISORDERS,Digestive,190,14586.15,5357.8,4960.66,0.3673
Provider_0025,WA,TRANSIENT ISCHEMIA,Neurological,103,20610.38,7285.06,5867.37,0.3535
Provider_0034,NJ,STROKE,Neurological,123,23024.55,9590.35,9062.49,0.4165
Provider_0135,VA,SEIZURES,Neurological,39,16175.91,6716.91,6327.7,0.4152
Provider_0212,WA,DIGESTIVE MALIGNANCY,Digestive,163,15354.98,4496.2,3673.28,0.2928
Provider_0237,NY,HEART FAILURE & SHOCK,Cardiovascular,172,29554.24,8394.23,6715.4,0.284
Provider_0017,MN,MAJOR JOINT REPLACEMENT - LOWER EXTREMITY,Orthopedic,59,25725.29,9200.88,7689.11,0.3577
Provider_0199,CA,SPINAL FUSION,Orthopedic,57,41416.73,11858.24,10172.41,0.2863
Provider_0021,OK,DIGESTIVE MALIGNANCY,Digestive,18,11789.71,3452.24,2790.86,0.2928
Provider_0199,AL,LYMPHOMA & LEUKEMIA,Oncology,159,19399.85,5476.6,4587.73,0.2823
Provider_0134,CT,CHEMOTHERAPY,Oncology,191,30581.36,11038.75,10211.14,0.361
Provider_0052,CT,CARDIAC CATHETERIZATION,Cardiovascular,39,23090.52,9205.14,8554.29,0.3987
Provider_0162,IN,KNEE PROCEDURES,Orthopedic,378,22514.68,8324.41,7630.1,0.3697
Provider_0067,TX,INFLAMMATORY BOWEL DISEASE,Digestive,140,15817.04,4485.27,4193.62,0.2836
Provider_0180,UT,CHRONIC OBSTRUCTIVE PULMONARY,Respiratory,85,8032.23,2314.92,2182.6,0.2882
Provider_0192,NY,GI HEMORRHAGE,Digestive,98,18818.96,5603.27,5244.86,0.2977
Provider_0181,AL,DIGESTIVE MALIGNANCY,Digestive,77,9855.16,3979.35,3653.67,0.4038
Provider_0107,IN,PANCREATIC DISORDERS,Digestive,59,12453.97,4864.48,4586.67,0.3906
Provider_0277,AZ,CORONARY BYPASS,Cardiovascular,37,20817.1,8173.55,7546.82,0.3926
Provider_0035,MD,RESPIRATORY INFECTIONS,Respiratory,173,12321.23,4572.62,3756.98,0.3711
Provider_0084,TX,SPINAL FUSION,Orthopedic,267,27165.56,9671.16,7865.76,0.356
Provider_0138,GA,CARDIAC ARRHYTHMIA,Cardiovascular,274,19766.55,8241.07,7225.87,0.4169
Provider_0021,NJ,HIP & FEMUR PROCEDURES,Orthopedic,35,41403.16,15236.56,13858.49,0.368
Provider_0240,PA,PULMONARY EDEMA,Respiratory,266,9437.15,3202.03,2639.01,0.3393
Provider_0073,CA,PULMONARY EDEMA,Respiratory,83,11070.15,4124.91,3584.45,0.3726
Provider_0281,KY,CHRONIC OBSTRUCTIVE PULMONARY,Respiratory,133,9303.64,3302.38,2779.26,0.355
Provider_0296,CO,MAJOR JOINT REPLACEMENT - LOWER EXTREMITY,Orthopedic,45,35565.25,10038.32,8258.94,0.2823
Provider_0269,NJ,LYMPHOMA & LEUKEMIA,Oncology,34,27470.6,7727.05,7064.99,0.2813
Provider_0037,VA,KIDNEY TRANSPLANT,Renal,455,10049.49,3009.37,2611.28,0.2995
Provider_0194,MD,CHEMOTHERAPY,Oncology,364,26956.27,7673.75,6603.37,0.2847
Provider_0211,MN,INFLAMMATORY BOWEL DISEASE,Digestive,34,12084.29,4725.17,3846.27,0.391
Provider_0035,GA,CARDIAC ARRHYTHMIA,Cardiovascular,35,19159.42,6676.28,5651.44,0.3485
Provider_0189,TX,CHEMOTHERAPY,Oncology,142,22435.83,8152.0,7628.73,0.3633
Provider_0090,MO,CARDIAC ARRHYTHMIA,Cardiovascular,45,14499.99,4603.78,3966.39,0.3175
Provider_0035,MA,RENAL FAILURE,Renal,103,13659.64,5100.73,4574.15,0.3734
Provider_0282,OK,PERCUTANEOUS CARDIOVASCULAR PROC,Cardiovascular,91,17396.34,6074.8,4961.45,0.3492
Provider_0193,FL,RADIATION THERAPY,Oncology,191,24465.35,7705.79,6702.22,0.315
Provider_0136,MN,GI HEMORRHAGE,Digestive,152,13245.24,4366.01,4025.21,0.3296
Provider_0013,AZ,RADIATION THERAPY,Oncology,286,23817.62,9145.46,8103.63,0.384
Provider_0184,OH,STROKE,Neurological,91,12900.39,4726.17,4072.62,0.3664
Provider_0147,WA,KNEE PROCEDURES,Orthopedic,52,37629.98,15275.14,13967.56,0.4059
Provider_0284,WI,KIDNEY TRANSPLANT,Renal,146,9522.05,3213.55,3024.98,0.3375
Provider_0093,MD,PERCUTANEOUS CARDIOVASCULAR PROC,Cardiovascular,134,19246.07,6031.6,5243.29,0.3134
Provider_0037,OK,PULMONARY EDEMA,Respiratory,27,7980.24,2289.74,2134.57,0.2869
Provider_0142,OR,KIDNEY TRANSPLANT,Renal,184,11617.1,3623.19,3119.61,0.3119
Provider_0096,NJ,KIDNEY & URINARY TRACT INFECTIONS,Renal,93,13188.6,4957.89,4490.06,0.3759
Provider_0247,MN,INTRACRANIAL HEMORRHAGE,Neurological,93,17565.9,5609.37,4927.51,0.3193
Provider_0263,TX,PULMONARY EDEMA,Respiratory,73,10702.0,3329.25,3145.53,0.3111
Provider_0294,SC,CHRONIC OBSTRUCTIVE PULMONARY,Respiratory,12,9289.66,3655.05,3304.62,0.3935
Provider_0173,CT,DIGESTIVE MALIGNANCY,Digestive,68,16965.05,5668.33,4708.67,0.3341
Provider_0037,IN,RENAL FAILURE,Renal,80,11174.13,4196.11,3442.09,0.3755
Provider_0027,OK,GI HEMORRHAGE,Digestive,133,9787.52,4091.11,3312.26,0.418
Provider_0236,AL,KNEE PROCEDURES,Orthopedic,25,21098.63,8555.52,7595.77,0.4055
Provider_0190,AL,PULMONARY EDEMA,Respiratory,11,7863.34,2769.91,2325.27,0.3523
Provider_0004,KY,BREAST PROCEDURES,Oncology,323,18930.75,6169.34,5306.24,0.3259
Provider_0212,PA,KNEE PROCEDURES,Orthopedic,40,34747.68,13492.19,12741.22,0.3883
Provider_0030,VA,MAJOR JOINT REPLACEMENT - LOWER EXTREMITY,Orthopedic,488,34727.6,14454.17,13626.88,0.4162
Provider_0039,SC,DIGESTIVE MALIGNANCY,Digestive,431,12463.17,4333.58,4113.69,0.3477
Provider_0072,CT,CARDIAC ARRHYTHMIA,Cardiovascular,40,19600.22,5745.78,5162.66,0.2931
Provider_0080,IL,CHEMOTHERAPY,Oncology,18,22571.69,7617.37,6228.95,0.3375
Provider_0237,TX,INTRACRANIAL HEMORRHAGE,Neurological,85,16503.47,6110.03,5746.96,0.3702
Provider_0061,VA,KIDNEY TRANSPLANT,Renal,31,13824.19,4768.03,4096.77,0.3449
Provider_0195,PA,SPINAL FUSION,Orthopedic,280,33144.7,12764.78,10282.15,0.3851
Provider_0080,IN,CARDIAC ARRHYTHMIA,Cardiovascular,54,15732.54,5075.98,4569.45,0.3226
Provider_0034,VA,CHEMOTHERAPY,Oncology,77,27122.06,9504.94,8099.73,0.3505
Provider_0091,WA,PERCUTANEOUS CARDIOVASCULAR PROC,Cardiovascular,33,25883.57,9976.0,8592.32,0.3854
Provider_0228,MD,MAJOR JOINT REPLACEMENT - LOWER EXTREMITY,Orthopedic,84,31275.47,9545.49,8433.35,0.3052
Provider_0068,MD,GI HEMORRHAGE,Digestive,44,16891.5,6689.47,5949.48,0.396
Provider_0244,KY,CHRONIC OBSTRUCTIVE PULMONARY,Respiratory,52,7482.2,2763.38,2367.45,0.3693
Provider_0050,NJ,KNEE PROCEDURES,Orthopedic,48,31103.39,12680.82,11824.62,0.4077
Provider_0267,IN,DIGESTIVE MALIGNANCY,Digestive,58,9424.45,3934.08,3438.18,0.4174
Provider_0240,NY,CHEMOTHERAPY,Oncology,56,33715.05,11926.73,10744.45,0.3538
Provider_0225,OR,CORONARY BYPASS,Cardiovascular,22,21504.94,6234.95,5544.77,0.2899
Provider_0225,UT,PULMONARY EDEMA,Respiratory,193,7718.01,2575.44,2086.92,0.3337
Provider_0060,AZ,PANCREATIC DISORDERS,Digestive,42,12479.94,3816.72,3265.91,0.3058
Provider_0084,WA,INFLAMMATORY BOWEL DISEASE,Digestive,85,16751.45,5592.33,4812.5,0.3338
Provider_0261,CO,PANCREATIC DISORDERS,Digestive,210,14501.18,4446.38,4008.66,0.3066
Provider_0171,SC,CHEMOTHERAPY,Oncology,223,20835.06,7478.68,6402.24,0.3589
Provider_0175,FL,CHEMOTHERAPY,Oncology,32,20380.79,6668.14,6200.07,0.3272
Provider_0211,IL,SPINAL FUSION,Orthopedic,12,32435.07,9328.25,8233.4,0.2876
Provider_0056,UT,CARDIAC CATHETERIZATION,Cardiovascular,81,20412.78,7240.46,6157.42,0.3547
Provider_0089,TN,KIDNEY & URINARY TRACT INFECTIONS,Renal,30,9129.36,3824.05,3491.22,0.4189
Provider_0258,VA,CARDIAC ARRHYTHMIA,Cardiovascular,93,19337.23,5888.04,5358.02,0.3045
Provider_0080,NY,KNEE PROCEDURES,Orthopedic,454,45263.84,15100.59,13976.51,0.3336
Provider_0122,NJ,DIGESTIVE MALIGNANCY,Digestive,12,15943.31,5868.58,5570.45,0.3681
Provider_0266,WI,KIDNEY & URINARY TRACT INFECTIONS,Renal,377,11474.57,4499.46,3874.39,0.3921
Provider_0153,CT,HEART FAILURE & SHOCK,Cardiovascular,54,19459.14,7219.0,6516.13,0.371
Provider_0165,CT,PERCUTANEOUS CARDIOVASCULAR PROC,Cardiovascular,15,22026.13,6817.4,5555.49,0.3095
Provider_0198,TN,HEART FAILURE & SHOCK,Cardiovascular,580,14018.61,4385.19,3768.99,0.3128
Provider_0263,PA,MAJOR JOINT REPLACEMENT - LOWER EXTREMITY,Orthopedic,15,29186.91,9874.18,9329.36,0.3383
Provider_0022,IN,TRANSIENT ISCHEMIA,Neurological,60,13765.99,5408.88,5060.25,0.3929
Provider_0145,MA,INFLAMMATORY BOWEL DISEASE,Digestive,64,14183.11,4963.09,4510.42,0.3499
Provider_0297,NJ,KIDNEY & URINARY TRACT INFECTIONS,Renal,229,15725.2,5990.1,5688.04,0.3809
Provider_0014,MN,HIP & FEMUR PROCEDURES,Orthopedic,405,35600.97,10781.32,8648.01,0.3028
Provider_0106,CO,DIGESTIVE MALIGNANCY,Digestive,59,13572.83,5649.16,4524.1,0.4162
Provider_0085,NJ,CARDIAC ARRHYTHMIA,Cardiovascular,26,22701.08,6628.17,5936.86,0.292
Provider_0190,NC,CARDIAC CATHETERIZATION,Cardiovascular,17,15843.7,5937.38,5405.63,0.3747
Provider_0287,OH,SPINAL FUSION,Orthopedic,95,30059.36,10841.91,9461.07,0.3607
Provider_0283,FL,TRANSIENT ISCHEMIA,Neurological,122,19167.34,6463.17,5328.53,0.3372
Provider_0201,TX,CARDIAC CATHETERIZATION,Cardiovascular,13,17462.31,5077.76,4365.62,0.2908
Provider_0132,VA,KIDNEY & URINARY TRACT INFECTIONS,Renal,21,10052.58,4013.98,3650.98,0.3993
Provider_0067,TX,HIP & FEMUR PROCEDURES,Orthopedic,390,26867.82,10433.38,8831.28,0.3883
Provider_0245,OK,HEART FAILURE & SHOCK,Cardiovascular,163,16992.07,6029.98,5527.11,0.3549
Provider_0209,IN,PERCUTANEOUS CARDIOVASCULAR PROC,Cardiovascular,175,14374.58,5936.9,5375.34,0.413
Provider_0204,MD,KIDNEY TRANSPLANT,Renal,196,11607.81,4241.99,4027.29,0.3654
Provider_0058,AZ,PANCREATIC DISORDERS,Digestive,135,12241.44,4399.86,3672.39,0.3594
Provider_0010,WA,HEART FAILURE & SHOCK,Cardiovascular,190,20412.67,6135.05,5176.57,0.3006
Provider_0196,TX,PULMONARY EDEMA,Respiratory,32,8477.43,2485.08,2043.04,0.2931
Provider_0082,TX,RENAL FAILURE,Renal,291,11067.48,4154.63,3899.94,0.3754
Provider_0068,FL,KIDNEY & URINARY TRACT INFECTIONS,Renal,187,13656.12,5323.98,4925.67,0.3899
Provider_0010,MI,MAJOR JOINT REPLACEMENT - LOWER EXTREMITY,Orthopedic,20,27549.45,9426.57,8184.88,0.3422
Provider_0072,LA,HIP & FEMUR PROCEDURES,Orthopedic,32,22579.56,7426.73,6973.97,0.3289
Provider_0220,MN,TRANSIENT ISCHEMIA,Neurological,42,16212.31,6646.08,5837.04,0.4099
Provider_0087,OR,CHRONIC OBSTRUCTIVE PULMONARY,Respiratory,127,9939.71,3329.23,2945.4,0.3349
Provider_0179,CA,LYMPHOMA & LEUKEMIA,Oncology,44,26197.1,8568.75,7848.46,0.3271
Provider_0173,OH,TRANSIENT ISCHEMIA,Neurological,240,16470.62,6662.99,5611.84,0.4045
Provider_0229,NC,STROKE,Neurological,455,12533.76,4107.61,3482.83,0.3277
Provider_0224,LA,HEART FAILURE & SHOCK,Cardiovascular,51,18061.15,5915.42,4842.09,0.3275
Provider_0208,WI,CARDIAC ARRHYTHMIA,Cardiovascular,30,18630.86,5569.55,5003.69,0.2989
Provider_0259,MO,BREAST PROCEDURES,Oncology,302,21007.95,6495.76,5531.0,0.3092
Provider_0125,OH,CORONARY BYPASS,Cardiovascular,129,17728.04,5851.39,4681.99,0.3301
Provider_0287,AL,GI HEMORRHAGE,Digestive,162,10629.19,3376.89,3207.69,0.3177
Provider_0214,TX,TRANSIENT ISCHEMIA,Neurological,129,17573.44,5383.16,5068.5,0.3063
Provider_0049,MA,KNEE PROCEDURES,Orthopedic,37,31626.84,11590.57,10173.66,0.3665
Provider_0016,CO,HIP & FEMUR PROCEDURES,Orthopedic,17,27809.41,11630.11,10429.03,0.4182
Provider_0072,FL,HEART FAILURE & SHOCK,Cardiovascular,176,18442.01,5729.37,5379.42,0.3107
Provider_0018,UT,CORONARY BYPASS,Cardiovascular,24,17663.73,5077.72,4163.88,0.2875
Provider_0269,VA,HIP & FEMUR PROCEDURES,Orthopedic,119,25100.5,10119.8,8770.84,0.4032
Provider_0039,VA,SEIZURES,Neurological,470,18634.34,6249.93,5577.37,0.3354
Provider_0056,KY,KIDNEY & URINARY TRACT INFECTIONS,Renal,46,8791.27,3062.15,2781.74,0.3483
Provider_0283,CT,MAJOR JOINT REPLACEMENT - LOWER EXTREMITY,Orthopedic,162,33291.49,12507.15,11254.82,0.3757
Provider_0046,KY,CARDIAC ARRHYTHMIA,Cardiovascular,61,14883.41,5665.33,4948.74,0.3806
Provider_0078,LA,RENAL FAILURE,Renal,169,10925.4,4441.11,3933.93,0.4065
Provider_0032,CO,INFLAMMATORY BOWEL DISEASE,Digestive,282,14441.67,5131.07,4308.63,0.3553
Provider_0056,NC,SPINAL FUSION,Orthopedic,37,26401.68,10274.21,9666.95,0.3891
Provider_0184,TN,SIMPLE PNEUMONIA & PLEURISY,Respiratory,282,7967.78,3000.01,2669.22,0.3765
Provider_0012,MD,CARDIAC ARRHYTHMIA,Cardiovascular,362,20277.99,6544.82,5708.24,0.3228
Provider_0259,PA,DIGESTIVE MALIGNANCY,Digestive,31,12725.44,4989.58,4209.72,0.3921
Provider_0230,OK,PULMONARY EDEMA,Respiratory,35,9076.01,3259.77,2964.33,0.3592
Provider_0033,NC,RADIATION THERAPY,Oncology,95,20305.33,7359.37,6100.32,0.3624
Provider_0030,OR,CARDIAC ARRHYTHMIA,Cardiovascular,53,17547.49,7067.85,6048.42,0.4028
Provider_0207,IN,RENAL FAILURE,Renal,207,10126.07,3828.99,3310.84,0.3781
Provider_0048,FL,LYMPHOMA & LEUKEMIA,Oncology,101,25889.73,8875.61,8249.47,0.3428
Provider_0262,TN,CHEMOTHERAPY,Oncology,66,22229.72,7747.62,7226.47,0.3485
Provider_0296,GA,CARDIAC ARRHYTHMIA,Cardiovascular,252,18568.28,6925.79,6161.55,0.373
Provider_0167,NC,CARDIAC ARRHYTHMIA,Cardiovascular,12,19815.89,7892.16,6622.17,0.3983
Provider_0040,TN,BREAST PROCEDURES,Oncology,297,17034.8,5592.37,5164.6,0.3283
Provider_0249,OR,RADIATION THERAPY,Oncology,18,20932.05,7059.97,6408.76,0.3373
Provider_0292,VA,CARDIAC ARRHYTHMIA,Cardiovascular,148,19151.65,6265.28,5594.09,0.3271
Provider_0100,MO,PERCUTANEOUS CARDIOVASCULAR PROC,Cardiovascular,119,17423.13,6126.97,5258.38,0.3517
Provider_0021,WA,MAJOR JOINT REPLACEMENT - LOWER EXTREMITY,Orthopedic,77,33937.81,11876.48,10675.74,0.3499
Provider_0128,OK,HIP & FEMUR PROCEDURES,Orthopedic,249,23240.02,9645.1,7965.65,0.415
Provider_0237,AZ,HIP & FEMUR PROCEDURES,Orthopedic,92,29235.87,10221.96,8847.65,0.3496
Provider_0013,TN,HIP & FEMUR PROCEDURES,Orthopedic,90,26661.25,8402.22,6927.39,0.3151
Provider_0101,MA,PERCUTANEOUS CARDIOVASCULAR PROC,Cardiovascular,82,27175.8,10258.61,9589.73,0.3775
Provider_0261,TN,LYMPHOMA & LEUKEMIA,Oncology,502,19313.24,6296.63,5123.85,0.326
Provider_0194,LA,KNEE PROCEDURES,Orthopedic,54,23848.52,7747.68,6693.39,0.3249
Provider_0026,CO,INTRACRANIAL HEMORRHAGE,Neurological,51,16635.09,5523.11,4745.36,0.332
Provider_0215,CO,CARDIAC ARRHYTHMIA,Cardiovascular,12,24756.7,9392.77,8247.41,0.3794
Provider_0243,KY,MAJOR JOINT REPLACEMENT - LOWER EXTREMITY,Orthopedic,292,26481.82,9095.25,8056.94,0.3435
Provider_0289,IN,HEART FAILURE & SHOCK,Cardiovascular,135,19284.19,6614.99,6061.31,0.343
Provider_0027,KY,CARDIAC ARRHYTHMIA,Cardiovascular,122,18149.29,6984.95,5800.62,0.3849
Provider_0117,PA,PULMONARY EDEMA,Respiratory,18,10503.2,3686.4,3080.83,0.351
Provider_0280,NY,SIMPLE PNEUMONIA & PLEURISY,Respiratory,12,13392.91,4671.54,3874.59,0.3488
Provider_0262,CT,KIDNEY TRANSPLANT,Renal,44,14942.96,4447.41,4130.47,0.2976
Provider_0038,IL,GI HEMORRHAGE,Digestive,10,13647.81,5530.02,4988.42,0.4052
Provider_0137,WI,SEIZURES,Neurological,57,17290.38,6483.79,5990.99,0.375
Provider_0123,AZ,KNEE PROCEDURES,Orthopedic,353,26858.92,7703.7,6499.11,0.2868
Provider_0238,OH,KIDNEY TRANSPLANT,Renal,61,11172.96,4357.07,3632.92,0.39
Provider_0126,AZ,CARDIAC CATHETERIZATION,Cardiovascular,69,17323.04,5007.13,4403.67,0.289
Provider_0138,IN,SIMPLE PNEUMONIA & PLEURISY,Respiratory,231,9804.88,3728.39,3393.01,0.3803
Provider_0267,OK,CARDIAC CATHETERIZATION,Cardiovascular,301,17319.97,6554.48,5356.6,0.3784
Provider_0017,WI,RENAL FAILURE,Renal,156,9473.83,3124.38,2702.9,0.3298
Provider_0127,MA,CARDIAC ARRHYTHMIA,Cardiovascular,158,23867.16,9857.02,8941.32,0.413
Provider_0210,FL,HEART FAILURE & SHOCK,Cardiovascular,320,18206.3,7202.07,6099.01,0.3956
Provider_0104,SC,CORONARY BYPASS,Cardiovascular,150,14009.04,4148.93,3782.59,0.2962
Provider_0036,CT,MAJOR JOINT REPLACEMENT - LOWER EXTREMITY,Orthopedic,55,32410.02,9558.32,7833.71,0.2949
Provider_0232,SC,CHEMOTHERAPY,Oncology,56,21243.66,8536.42,7834.01,0.4018
Provider_0196,OR,HEART FAILURE & SHOCK,Cardiovascular,64,17423.56,6933.62,5898.66,0.3979
Provider_0119,NY,SIMPLE PNEUMONIA & PLEURISY,Respiratory,68,10957.82,4479.85,3856.0,0.4088
Provider_0195,WI,KIDNEY TRANSPLANT,Renal,216,12614.36,3839.43,3585.54,0.3044
Provider_0048,MO,CHRONIC OBSTRUCTIVE PULMONARY,Respiratory,44,9013.54,3548.58,3029.73,0.3937
Provider_0132,MO,CHRONIC OBSTRUCTIVE PULMONARY,Respiratory,468,9320.49,3178.45,2798.6,0.341
Provider_0273,OH,GI HEMORRHAGE,Digestive,98,14201.78,5177.19,4612.18,0.3645
Provider_0230,OR,BREAST PROCEDURES,Oncology,95,27670.4,11565.09,9566.6,0.418
Provider_0133,KY,PERCUTANEOUS CARDIOVASCULAR PROC,Cardiovascular,31,14100.99,5405.62,4546.02,0.3834
Provider_0243,VA,INTRACRANIAL HEMORRHAGE,Neurological,53,18117.02,6605.76,5451.71,0.3646
Provider_0026,NY,CARDIAC CATHETERIZATION,Cardiovascular,18,23789.17,7175.66,6315.09,0.3016
Provider_0124,MA,PULMONARY EDEMA,Respiratory,142,12927.07,5335.7,4608.4,0.4128
Provider_0153,AL,KNEE PROCEDURES,Orthopedic,35,27283.84,7860.46,6295.9,0.2881
Provider_0269,FL,CHEMOTHERAPY,Oncology,80,21628.55,8266.43,6841.93,0.3822
Provider_0136,SC,SEIZURES,Neurological,96,14787.45,5460.85,4885.6,0.3693
Provider_0215,CT,CARDIAC ARRHYTHMIA,Cardiovascular,14,20195.27,6558.79,5583.49,0.3248
Provider_0081,GA,CHRONIC OBSTRUCTIVE PULMONARY,Respiratory,119,7990.83,2603.98,2208.12,0.3259
Provider_0251,TX,PULMONARY EDEMA,Respiratory,68,8931.6,2528.53,2105.82,0.2831
Provider_0062,GA,INFLAMMATORY BOWEL DISEASE,Digestive,53,11943.43,3553.51,3245.62,0.2975
Provider_0161,MD,SEIZURES,Neurological,15,16295.27,6278.35,5690.74,0.3853
Provider_0199,MA,RENAL FAILURE,Renal,46,16613.42,5360.75,4812.48,0.3227
Provider_0201,NY,PANCREATIC DISORDERS,Digestive,76,18655.19,7745.92,6463.05,0.4152
Provider_0078,PA,KIDNEY TRANSPLANT,Renal,79,12134.9,4664.49,4272.46,0.3844
Provider_0032,AL,PULMONARY EDEMA,Respiratory,132,7615.61,2766.32,2387.33,0.3632
Provider_0025,MN,STROKE,Neurological,151,13964.66,4308.06,3587.76,0.3085
Provider_0014,MN,STROKE,Neurological,43,18284.17,5335.14,4688.16,0.2918
Provider_0006,CT,CARDIAC ARRHYTHMIA,Cardiovascular,93,24691.84,9488.21,8626.39,0.3843
Provider_0246,AZ,HIP & FEMUR PROCEDURES,Orthopedic,25,34066.99,13661.12,10974.65,0.401
Provider_0281,FL,TRANSIENT ISCHEMIA,Neurological,50,17321.49,5168.24,4818.62,0.2984
Provider_0116,UT,HIP & FEMUR PROCEDURES,Orthopedic,52,24960.52,9544.97,9037.08,0.3824
Provider_0026,CT,KNEE PROCEDURES,Orthopedic,84,30706.99,10134.19,9165.1,0.33
Provider_0072,WI,CARDIAC CATHETERIZATION,Cardiovascular,121,16140.64,6090.56,4937.0,0.3773
Provider_0087,OK,RADIATION THERAPY,Oncology,16,21590.65,6983.41,5652.83,0.3234
Provider_0082,OH,PULMONARY EDEMA,Respiratory,869,10326.61,3841.16,3559.87,0.372
Provider_0213,MI,CARDIAC ARRHYTHMIA,Cardiovascular,91,21286.54,6192.36,5005.8,0.2909
Provider_0190,MD,STROKE,Neurological,11,21114.87,7001.57,6331.61,0.3316
Provider_0060,MI,RENAL FAILURE,Renal,359,12186.71,4748.02,4059.66,0.3896
Provider_0285,OR,SPINAL FUSION,Orthopedic,84,28425.93,10377.47,9483.39,0.3651
Provider_0159,CA,CHEMOTHERAPY,Oncology,68,26607.18,10693.24,8591.72,0.4019
Provider_0032,GA,CARDIAC ARRHYTHMIA,Cardiovascular,78,17021.75,6882.62,5885.01,0.4043
Provider_0047,KY,CHRONIC OBSTRUCTIVE PULMONARY,Respiratory,40,8795.04,2512.41,2029.29,0.2857
Provider_0059,UT,CORONARY BYPASS,Cardiovascular,242,20148.5,6324.08,5993.6,0.3139
Provider_0271,MD,CHRONIC OBSTRUCTIVE PULMONARY,Respiratory,287,11391.55,4045.55,3691.05,0.3551
Provider_0007,MD,KIDNEY TRANSPLANT,Renal,35,12035.66,3449.77,2884.37,0.2866
Provider_0136,MI,KIDNEY TRANSPLANT,Renal,49,10252.14,3706.83,3307.43,0.3616
Provider_0022,PA,RENAL FAILURE,Renal,213,12451.54,4225.47,3524.93,0.3394
Provider_0286,MN,KNEE PROCEDURES,Orthopedic,68,28223.26,11211.72,10412.88,0.3973
Provider_0248,MD,PULMONARY EDEMA,Respiratory,25,12287.95,4879.78,4119.9,0.3971
Provider_0038,KY,CARDIAC ARRHYTHMIA,Cardiovascular,121,14977.66,5296.17,4422.44,0.3536
Provider_0041,CO,SIMPLE PNEUMONIA & PLEURISY,Respiratory,53,9599.88,3626.71,3365.63,0.3778
Provider_0006,PA,CORONARY BYPASS,Cardiovascular,95,18586.58,6777.81,6134.54,0.3647
Provider_0007,NC,RADIATION THERAPY,Oncology,18,18201.81,6617.27,5645.26,0.3636
Provider_0120,AL,SEIZURES,Neurological,79,11471.14,4586.33,3744.17,0.3998
Provider_0064,FL,CARDIAC CATHETERIZATION,Cardiovascular,292,20877.86,6508.85,5421.04,0.3118
Provider_0120,OK,KIDNEY & URINARY TRACT INFECTIONS,Renal,22,10893.42,4326.92,3903.73,0.3972
Provider_0095,TX,KIDNEY TRANSPLANT,Renal,142,14151.7,4828.27,4082.22,0.3412
Provider_0111,NJ,KIDNEY & URINARY TRACT INFECTIONS,Renal,543,15985.49,6484.46,5791.75,0.4056
Provider_0092,GA,BREAST PROCEDURES,Oncology,102,23859.79,7761.51,6503.14,0.3253
Provider_0058,OK,HEART FAILURE & SHOCK,Cardiovascular,154,13854.58,5789.64,5159.79,0.4179
Provider_0165,IL,MAJOR JOINT REPLACEMENT - LOWER EXTREMITY,Orthopedic,50,27999.58,10815.59,9618.65,0.3863
Provider_0131,OR,INTRACRANIAL HEMORRHAGE,Neurological,142,16746.53,4693.32,3994.4,0.2803
Provider_0287,OR,SIMPLE PNEUMONIA & PLEURISY,Respiratory,428,11815.01,3774.25,3269.29,0.3194
Provider_0234,GA,CARDIAC ARRHYTHMIA,Cardiovascular,68,15209.93,6274.82,5518.91,0.4125
Provider_0091,WI,HEART FAILURE & SHOCK,Cardiovascular,120,20735.6,8292.93,7207.03,0.3999
Provider_0116,NY,MAJOR JOINT REPLACEMENT - LOWER EXTREMITY,Orthopedic,35,39520.32,16269.27,14922.85,0.4117
Provider_0131,NJ,GI HEMORRHAGE,Digestive,48,14848.46,4420.14,3764.82,0.2977
Provider_0036,CA,CHRONIC OBSTRUCTIVE PULMONARY,Respiratory,79,12164.26,4354.2,3863.28,0.358
Provider_0281,IL,RESPIRATORY INFECTIONS,Respiratory,47,11912.44,3935.7,3207.67,0.3304
Provider_0004,MI,PERCUTANEOUS CARDIOVASCULAR PROC,Cardiovascular,235,17614.5,6356.91,5781.9,0.3609
Provider_0093,GA,PERCUTANEOUS CARDIOVASCULAR PROC,Cardiovascular,78,15238.64,5156.11,4773.67,0.3384
Provider_0254,PA,SIMPLE PNEUMONIA & PLEURISY,Respiratory,376,10624.28,3268.49,2888.58,0.3076
Provider_0024,TN,CHRONIC OBSTRUCTIVE PULMONARY,Respiratory,74,7519.17,2867.05,2555.04,0.3813
Provider_0268,MD,CARDIAC CATHETERIZATION,Cardiovascular,78,21360.67,8938.0,7409.36,0.4184
Provider_0229,GA,KNEE PROCEDURES,Orthopedic,96,23001.19,6663.87,5338.51,0.2897
Provider_0236,CO,TRANSIENT ISCHEMIA,Neurological,234,18340.82,6700.46,5658.4,0.3653
Provider_0018,WA,PERCUTANEOUS CARDIOVASCULAR PROC,Cardiovascular,94,20804.22,6422.15,5883.78,0.3087
Provider_0280,NY,HEART FAILURE & SHOCK,Cardiovascular,21,22718.33,7979.47,7487.01,0.3512
Provider_0179,TX,RADIATION THERAPY,Oncology,45,28353.86,11370.08,10428.81,0.401
Provider_0245,OK,CHRONIC OBSTRUCTIVE PULMONARY,Respiratory,80,7997.43,2383.04,2034.93,0.298
Provider_0161,CO,BREAST PROCEDURES,Oncology,168,21852.98,7968.56,7198.39,0.3646
Provider_0139,MN,PERCUTANEOUS CARDIOVASCULAR PROC,Cardiovascular,42,22278.8,8313.82,7375.22,0.3732
Provider_0032,FL,RESPIRATORY INFECTIONS,Respiratory,60,11137.51,3255.49,3023.34,0.2923
Provider_0279,TN,RENAL FAILURE,Renal,194,9210.72,3833.52,3115.4,0.4162
Provider_0172,AL,INTRACRANIAL HEMORRHAGE,Neurological,193,11423.38,4257.28,3694.79,0.3727
Provider_0178,WI,KNEE PROCEDURES,Orthopedic,23,23713.99,9872.16,8016.48,0.4163
Provider_0106,MO,STROKE,Neurological,37,12801.68,3905.19,3509.14,0.3051
Provider_0124,UT,TRANSIENT ISCHEMIA,Neurological,244,13599.5,5126.16,4850.71,0.3769
Provider_0153,NJ,LYMPHOMA & LEUKEMIA,Oncology,184,32007.56,9521.82,9012.68,0.2975
Provider_0162,GA,CHEMOTHERAPY,Oncology,26,19929.84,6570.54,5956.15,0.3297
Provider_0120,CO,STROKE,Neurological,83,18456.37,6995.97,6529.98,0.3791
Provider_0107,CO,MAJOR JOINT REPLACEMENT - LOWER EXTREMITY,Orthopedic,12,34018.86,13222.84,12141.0,0.3887
Provider_0007,MA,RENAL FAILURE,Renal,72,15466.33,6394.93,5353.7,0.4135
Provider_0095,WI,KNEE PROCEDURES,Orthopedic,62,32819.41,12473.04,10665.78,0.3801
Provider_0224,WI,INTRACRANIAL HEMORRHAGE,Neurological,123,15453.14,5799.37,4934.95,0.3753
Provider_0095,WI,KNEE PROCEDURES,Orthopedic,31,23449.09,8522.98,8023.17,0.3635
Provider_0291,NC,GI HEMORRHAGE,Digestive,80,11281.91,4706.64,3863.64,0.4172
Provider_0225,MO,SPINAL FUSION,Orthopedic,82,29551.01,9702.45,8306.95,0.3283
Provider_0221,NJ,HIP & FEMUR PROCEDURES,Orthopedic,35,40134.37,12174.91,11199.53,0.3034
Provider_0021,SC,MAJOR JOINT REPLACEMENT - LOWER EXTREMITY,Orthopedic,72,22953.03,9213.41,7594.09,0.4014
Provider_0128,TN,CHEMOTHERAPY,Oncology,69,21692.61,6124.11,5033.55,0.2823
Provider_0065,IL,STROKE,Neurological,62,19784.19,7873.09,7371.76,0.3979
Provider_0010,NC,SIMPLE PNEUMONIA & PLEURISY,Respiratory,45,8892.96,3508.45,2856.01,0.3945
Provider_0009,LA,CARDIAC ARRHYTHMIA,Cardiovascular,69,13470.43,5527.4,5208.86,0.4103
Provider_0188,MA,DIGESTIVE MALIGNANCY,Digestive,80,16008.02,6180.26,5211.96,0.3861
Provider_0285,VA,PULMONARY EDEMA,Respiratory,252,8340.8,2725.65,2324.01,0.3268
Provider_0243,MN,CARDIAC ARRHYTHMIA,Cardiovascular,183,17078.6,4878.6,4144.37,0.2857
Provider_0037,AZ,SEIZURES,Neurological,211,17278.48,6739.4,5856.27,0.39
Provider_0026,AZ,CARDIAC ARRHYTHMIA,Cardiovascular,44,16849.85,6450.21,5680.8,0.3828
Provider_0245,IL,RESPIRATORY INFECTIONS,Respiratory,100,12008.55,4353.34,3823.99,0.3625
Provider_0129,NY,CORONARY BYPASS,Cardiovascular,134,22929.91,8445.09,7511.33,0.3683
Provider_0268,KY,RESPIRATORY INFECTIONS,Respiratory,72,6919.69,2201.55,1893.57,0.3182
Provider_0260,KY,LYMPHOMA & LEUKEMIA,Oncology,98,20131.21,6527.84,6035.19,0.3243
Provider_0004,NY,PULMONARY EDEMA,Respiratory,170,15062.71,5539.71,5179.25,0.3678
Provider_0062,WA,STROKE,Neurological,50,16275.72,5355.88,4921.17,0.3291
Provider_0253,AZ,BREAST PROCEDURES,Oncology,415,20808.69,5925.53,5120.14,0.2848
Provider_0151,WA,MAJOR JOINT REPLACEMENT - LOWER EXTREMITY,Orthopedic,377,32226.42,10419.44,9090.08,0.3233
Provider_0022,NY,SPINAL FUSION,Orthopedic,722,37326.35,13747.8,11007.77,0.3683
Provider_0202,OK,SPINAL FUSION,Orthopedic,41,28767.4,10077.77,9499.91,0.3503
Provider_0031,OK,KNEE PROCEDURES,Orthopedic,11,26586.2,8863.12,7785.2,0.3334
Provider_0198,OH,CHRONIC OBSTRUCTIVE PULMONARY,Respiratory,252,9536.44,3689.8,3481.41,0.3869
Provider_0065,SC,SPINAL FUSION,Orthopedic,34,24422.14,8447.91,7892.92,0.3459
Provider_0009,CA,CARDIAC ARRHYTHMIA,Cardiovascular,31,25560.85,10418.48,9651.61,0.4076
Provider_0184,MN,RENAL FAILURE,Renal,86,13225.15,4370.1,3650.41,0.3304
Provider_0090,CA,KNEE PROCEDURES,Orthopedic,27,34047.14,10025.21,8946.94,0.2945
Provider_0072,TN,HEART FAILURE & SHOCK,Cardiovascular,64,16342.31,6204.09,5835.4,0.3796
Provider_0099,MI,CARDIAC ARRHYTHMIA,Cardiovascular,178,20032.83,5982.82,5236.82,0.2987
Provider_0102,TX,CARDIAC CATHETERIZATION,Cardiovascular,46,18012.28,6529.38,5394.93,0.3625
Provider_0024,MO,CORONARY BYPASS,Cardiovascular,104,16069.09,4802.74,4351.89,0.2989
Provider_0068,WA,KNEE PROCEDURES,Orthopedic,135,34179.9,13468.87,11686.04,0.3941
Provider_0053,AZ,PERCUTANEOUS CARDIOVASCULAR PROC,Cardiovascular,51,21384.92,8220.65,6680.68,0.3844
Provider_0022,FL,CARDIAC ARRHYTHMIA,Cardiovascular,11,17307.56,5451.74,5029.19,0.315
Provider_0179,MO,PANCREATIC DISORDERS,Digestive,116,13078.84,5275.39,4644.72,0.4034
Provider_0098,PA,SIMPLE PNEUMONIA & PLEURISY,Respiratory,72,9138.84,2999.02,2741.31,0.3282
Provider_0268,MO,CARDIAC CATHETERIZATION,Cardiovascular,52,19639.23,8122.52,7643.94,0.4136
Provider_0045,NC,HEART FAILURE & SHOCK,Cardiovascular,387,18134.1,6121.79,5525.04,0.3376
Provider_0056,MI,PULMONARY EDEMA,Respiratory,332,9187.15,3766.18,3202.58,0.4099
Provider_0083,VA,MAJOR JOINT REPLACEMENT - LOWER EXTREMITY,Orthopedic,145,26048.7,9023.03,8418.61,0.3464
Provider_0037,IL,DIGESTIVE MALIGNANCY,Digestive,139,14074.06,4077.57,3626.49,0.2897
Provider_0054,KY,RESPIRATORY INFECTIONS,Respiratory,347,7509.75,2433.45,2176.14,0.324
Provider_0268,UT,CARDIAC ARRHYTHMIA,Cardiovascular,403,15393.44,6229.57,5333.91,0.4047
Provider_0102,UT,PERCUTANEOUS CARDIOVASCULAR PROC,Cardiovascular,310,16846.76,5292.91,4880.73,0.3142
Provider_0247,KY,CARDIAC CATHETERIZATION,Cardiovascular,105,18924.08,5313.7,4357.78,0.2808
Provider_0043,NC,LYMPHOMA & LEUKEMIA,Oncology,125,20135.36,7514.88,6215.82,0.3732
Provider_0276,PA,INFLAMMATORY BOWEL DISEASE,Digestive,14,14017.97,4974.4,4227.42,0.3549
Provider_0162,MO,PULMONARY EDEMA,Respiratory,153,7640.4,2484.09,2330.79,0.3251
Provider_0217,NY,HIP & FEMUR PROCEDURES,Orthopedic,53,42470.17,17508.72,16407.42,0.4123
Provider_0119,MN,KIDNEY TRANSPLANT,Renal,30,10203.75,4261.57,4022.7,0.4176
Provider_0005,PA,GI HEMORRHAGE,Digestive,169,11908.54,4989.93,4129.04,0.419
Provider_0242,AZ,SIMPLE PNEUMONIA & PLEURISY,Respiratory,211,8111.18,2369.93,2130.5,0.2922
Provider_0084,VA,STROKE,Neurological,357,15132.49,4944.21,4589.26,0.3267
